loss,val_loss,f1_score,recall_score,precision_score,accuracy_score
1.1270114708701664,1.0956741862180757,0.1954022988505747,0.3333333333333333,0.13821138211382114,0.4146341463414634
1.0658086643684508,1.0948610858219425,0.1954022988505747,0.3333333333333333,0.13821138211382114,0.4146341463414634
0.9905951570395115,1.0871541063960006,0.38765432098765434,0.4545454545454546,0.48648648648648646,0.5121951219512195
0.9023578564850195,1.054138134165508,0.5312925170068027,0.6060606060606061,0.5104166666666666,0.6341463414634146
0.8592220024257348,0.9849120945465274,0.5535714285714285,0.6363636363636364,0.5161290322580645,0.6585365853658537
0.8117622063153652,0.8286619200939085,0.6062141168524148,0.662004662004662,0.8555555555555555,0.6829268292682927
0.8052831741939434,0.6639447866416559,0.827216415021293,0.8158508158508159,0.9027777777777778,0.8292682926829268
0.7678746661284354,0.5338602255030376,0.8807858807858807,0.8671328671328671,0.9242424242424242,0.8780487804878049
0.7452452420244745,0.48544727447556285,0.8590316370636737,0.8475250239956121,0.8873015873015873,0.8536585365853658
0.7149013655166827,0.4627146924414286,0.8590316370636737,0.8475250239956121,0.8873015873015873,0.8536585365853658
0.6911816409835715,0.4580218428518714,0.8590316370636737,0.8475250239956121,0.8873015873015873,0.8536585365853658
0.6918817041417225,0.4439838557708554,0.8590316370636737,0.8475250239956121,0.8873015873015873,0.8536585365853658
0.6757934809045616,0.44230810025843176,0.8333888333888334,0.8218839983545866,0.872053872053872,0.8292682926829268
0.6406684322847854,0.4546751612570228,0.8333888333888334,0.8218839983545866,0.872053872053872,0.8292682926829268
0.6389619558656436,0.45485530393879586,0.8547619047619047,0.8414918414918415,0.9130434782608695,0.8536585365853658
0.6325401092896675,0.45809537753826235,0.8333888333888334,0.8218839983545866,0.872053872053872,0.8292682926829268
0.60485017221018,0.4663525078354812,0.8590316370636737,0.8475250239956121,0.8873015873015873,0.8536585365853658
0.6012413798976385,0.4592111183375847,0.8167195767195766,0.8083093377211025,0.8289473684210527,0.8048780487804879
0.560254573428851,0.47258915552278846,0.7919347919347919,0.7826683120800769,0.8090909090909091,0.7804878048780488
0.607312779627878,0.47379493568001724,0.7919347919347919,0.7826683120800769,0.8090909090909091,0.7804878048780488
0.5572633744858815,0.48849736917309644,0.7919347919347919,0.7826683120800769,0.8090909090909091,0.7804878048780488
0.5606652966904452,0.500678812585226,0.812502270168174,0.8022761552173318,0.8380952380952381,0.8048780487804879
0.5737746636282486,0.5374812193033172,0.812502270168174,0.8022761552173318,0.8380952380952381,0.8048780487804879
0.5236069912331714,0.5466439651279915,0.812502270168174,0.8022761552173318,0.8380952380952381,0.8048780487804879
0.5186793742834106,0.5436218947899051,0.8192758584915447,0.8143425202248732,0.8263305322128852,0.8048780487804879
0.5094136223000398,0.5649223880070012,0.7715343915343915,0.7630604689428219,0.783625730994152,0.7560975609756098
0.5142572725039359,0.5462793722385313,0.7919347919347919,0.7826683120800769,0.8090909090909091,0.7804878048780488
0.5204068180124489,0.5288894888831348,0.8167195767195766,0.8083093377211025,0.8289473684210527,0.8048780487804879
0.4975733624913762,0.5553323989961205,0.812502270168174,0.8022761552173318,0.8380952380952381,0.8048780487804879
0.5117164575015649,0.5409736996743737,0.812502270168174,0.8022761552173318,0.8380952380952381,0.8048780487804879
0.4892386660412308,0.5297331446554603,0.8377305877305877,0.8279171808583573,0.8560606060606061,0.8292682926829268
0.47936413140284356,0.5582864677033773,0.812502270168174,0.8022761552173318,0.8380952380952381,0.8048780487804879
0.4740291856681451,0.5519710343058516,0.8333888333888334,0.8218839983545866,0.872053872053872,0.8292682926829268
0.46093881562706035,0.5424703301453009,0.812502270168174,0.8022761552173318,0.8380952380952381,0.8048780487804879
0.46493357129021495,0.6049225868248358,0.7919347919347919,0.7826683120800769,0.8090909090909091,0.7804878048780488
0.4512536475400497,0.5934937625396542,0.7958485958485958,0.7887014945838474,0.8048433048433048,0.7804878048780488
0.4536442619043164,0.5936829084303321,0.7958485958485958,0.7887014945838474,0.8048433048433048,0.7804878048780488
0.45075397889343605,0.6083435517985646,0.812502270168174,0.8022761552173318,0.8380952380952381,0.8048780487804879
0.43279008815030623,0.6188470793933403,0.8377305877305877,0.8279171808583573,0.8560606060606061,0.8292682926829268
0.4427092366294056,0.6045131421670681,0.8167195767195766,0.8083093377211025,0.8289473684210527,0.8048780487804879
0.43996106029185894,0.6410412061505202,0.7919347919347919,0.7826683120800769,0.8090909090909091,0.7804878048780488
0.4213275041303408,0.5982503469397382,0.7958485958485958,0.7887014945838474,0.8048433048433048,0.7804878048780488
0.4215539759885038,0.6085421210382043,0.7715343915343915,0.7630604689428219,0.783625730994152,0.7560975609756098
0.4510490320288726,0.6120970278251462,0.8192758584915447,0.8143425202248732,0.8263305322128852,0.8048780487804879
0.42153236670984756,0.6608359406634075,0.8167195767195766,0.8083093377211025,0.8289473684210527,0.8048780487804879
0.4336103764718944,0.7166228788654979,0.7919347919347919,0.7826683120800769,0.8090909090909091,0.7804878048780488
0.40338024135315326,0.6894112229347229,0.7919347919347919,0.7826683120800769,0.8090909090909091,0.7804878048780488
0.3777678001839127,0.6982600383642243,0.812502270168174,0.8022761552173318,0.8380952380952381,0.8048780487804879
0.39920809086520315,0.6526975282808629,0.7958485958485958,0.7887014945838474,0.8048433048433048,0.7804878048780488
0.36156276819888394,0.6054409030007153,0.7958485958485958,0.7887014945838474,0.8048433048433048,0.7804878048780488
0.3722732359626991,0.6076619886770481,0.8590316370636737,0.8475250239956121,0.8873015873015873,0.8536585365853658
0.39033490474431687,0.6210796164303292,0.8192758584915447,0.8143425202248732,0.8263305322128852,0.8048780487804879
0.388764788969211,0.6750685688925953,0.8590316370636737,0.8475250239956121,0.8873015873015873,0.8536585365853658
0.40039695331477865,0.6578913272880926,0.8333888333888334,0.8218839983545866,0.872053872053872,0.8292682926829268
0.34769578887478975,0.6467863757435869,0.812502270168174,0.8022761552173318,0.8380952380952381,0.8048780487804879
0.36427247131090995,0.687328725326352,0.7511599511599512,0.743452625805567,0.7606837606837606,0.7317073170731707
0.40058957712631427,0.7205784524359354,0.7749766573295985,0.7690936514465926,0.7829131652661064,0.7560975609756098
0.37510306044115554,0.7081442286328572,0.7958485958485958,0.7887014945838474,0.8048433048433048,0.7804878048780488
0.3587307246662381,0.634569516996058,0.8167195767195766,0.8083093377211025,0.8289473684210527,0.8048780487804879
0.36588188659861726,0.6723831601259185,0.8192758584915447,0.8143425202248732,0.8263305322128852,0.8048780487804879
0.35512234533996884,0.6688216110555137,0.8405372405372405,0.833950363362128,0.849002849002849,0.8292682926829268
0.3416722445186021,0.688700159875358,0.7958485958485958,0.7887014945838474,0.8048433048433048,0.7804878048780488
0.3949301483448703,0.7078636463095502,0.8333888333888334,0.8218839983545866,0.872053872053872,0.8292682926829268
0.3694409687160502,0.6717631119053539,0.8377305877305877,0.8279171808583573,0.8560606060606061,0.8292682926829268
0.3396405221447152,0.6681163514532694,0.7979797979797979,0.7947346770876184,0.8055555555555555,0.7804878048780488
0.32305875994599276,0.706325805768734,0.7749766573295985,0.7690936514465926,0.7829131652661064,0.7560975609756098
0.36470119950010155,0.7260891751545232,0.7749766573295985,0.7690936514465926,0.7829131652661064,0.7560975609756098
0.3429687445821108,0.700802743434906,0.7749766573295985,0.7690936514465926,0.7829131652661064,0.7560975609756098
0.3208323486719408,0.6753389689980484,0.7749766573295985,0.7690936514465926,0.7829131652661064,0.7560975609756098
0.3399709654986701,0.6783006830913264,0.7511599511599512,0.743452625805567,0.7606837606837606,0.7317073170731707
0.3130895956603707,0.6904384900883931,0.7715343915343915,0.7630604689428219,0.783625730994152,0.7560975609756098
0.32777900864077747,0.7034318040056926,0.7979797979797979,0.7947346770876184,0.8055555555555555,0.7804878048780488
0.31539825304831554,0.6822338176936638,0.7979797979797979,0.7947346770876184,0.8055555555555555,0.7804878048780488
0.3196852340861801,0.6794087319839291,0.812502270168174,0.8022761552173318,0.8380952380952381,0.8048780487804879
0.31211985926829416,0.7076382244505534,0.812502270168174,0.8022761552173318,0.8380952380952381,0.8048780487804879
0.2937326489463645,0.652949935052453,0.7765120415982484,0.7751268339503633,0.7861111111111111,0.7560975609756098
0.33026914923675454,0.729507367785384,0.7765120415982484,0.7751268339503633,0.7861111111111111,0.7560975609756098
0.31725103795371146,0.7307301018296218,0.753968253968254,0.7494858083093376,0.7625000000000001,0.7317073170731707
0.32078123965489835,0.7044475834544112,0.7979797979797979,0.7947346770876184,0.8055555555555555,0.7804878048780488
0.37307271919653096,0.683699897149714,0.7958485958485958,0.7887014945838474,0.8048433048433048,0.7804878048780488
0.33318554718135845,0.7942757315751983,0.7765120415982484,0.7751268339503633,0.7861111111111111,0.7560975609756098
0.3209305692631211,0.7846428417577976,0.753968253968254,0.7494858083093376,0.7625000000000001,0.7317073170731707
0.328768676771023,0.7502809966482767,0.753968253968254,0.7494858083093376,0.7625000000000001,0.7317073170731707
0.3222830815334119,0.7646324416486229,0.753968253968254,0.7494858083093376,0.7625000000000001,0.7317073170731707
0.3189839060985948,0.738554390465341,0.753968253968254,0.7494858083093376,0.7625000000000001,0.7317073170731707
0.32270303148392954,0.806955527968523,0.753968253968254,0.7494858083093376,0.7625000000000001,0.7317073170731707
0.3241986284784403,0.794609059647816,0.7676767676767676,0.7690936514465926,0.7673160173160173,0.7560975609756098
0.30238802636676226,0.770329780694915,0.7911255411255412,0.7947346770876184,0.791919191919192,0.7804878048780488
0.3262146306383893,0.7612453335668983,0.8167195767195766,0.8083093377211025,0.8289473684210527,0.8048780487804879
0.28667322579663157,0.790798800747569,0.7765120415982484,0.7751268339503633,0.7861111111111111,0.7560975609756098
0.29554194880349655,0.7825411587226682,0.753968253968254,0.7494858083093376,0.7625000000000001,0.7317073170731707
0.2878363100236827,0.778449081793064,0.8167195767195766,0.8083093377211025,0.8289473684210527,0.8048780487804879
0.31980438707371817,0.7761695094224883,0.7887014945838474,0.7887014945838474,0.7887014945838474,0.7804878048780488
0.29688393991037537,0.8178653455362087,0.7958485958485958,0.7887014945838474,0.8048433048433048,0.7804878048780488
0.3196266423271954,0.847854470334402,0.746482683982684,0.7494858083093376,0.7474747474747474,0.7317073170731707
0.28571368042271494,0.8121070890891843,0.746482683982684,0.7494858083093376,0.7474747474747474,0.7317073170731707
0.27998358317918703,0.7804107796855089,0.8377305877305877,0.8279171808583573,0.8560606060606061,0.8292682926829268
0.28794093445769087,0.8067685016771642,0.7749766573295985,0.7690936514465926,0.7829131652661064,0.7560975609756098
0.27490930679920167,0.8192363846592787,0.753968253968254,0.7494858083093376,0.7625000000000001,0.7317073170731707
0.26956339050723255,0.8281198129421328,0.7749766573295985,0.7690936514465926,0.7829131652661064,0.7560975609756098
0.29173710077293313,0.8521432556757113,0.753968253968254,0.7494858083093376,0.7625000000000001,0.7317073170731707
0.2668441518315539,0.8200145116666469,0.7676767676767676,0.7690936514465926,0.7673160173160173,0.7560975609756098
0.2707099371189178,0.8432495753939558,0.8167195767195766,0.8083093377211025,0.8289473684210527,0.8048780487804879
0.29742474323212315,0.8527046136739778,0.753968253968254,0.7494858083093376,0.7625000000000001,0.7317073170731707
0.27286398343958135,0.7990124414606792,0.7749766573295985,0.7690936514465926,0.7829131652661064,0.7560975609756098
0.3017690499413926,0.8609090767255644,0.7749766573295985,0.7690936514465926,0.7829131652661064,0.7560975609756098
0.2968131154382449,0.8125853102381636,0.7765120415982484,0.7751268339503633,0.7861111111111111,0.7560975609756098
0.25129161291512464,0.8010933631803931,0.753968253968254,0.7494858083093376,0.7625000000000001,0.7317073170731707
0.26574292550929934,0.8237339897853572,0.7765120415982484,0.7751268339503633,0.7861111111111111,0.7560975609756098
0.2876878269115035,0.8290175548413905,0.7749766573295985,0.7690936514465926,0.7829131652661064,0.7560975609756098
0.2537841483124957,0.8446745436366011,0.7749766573295985,0.7690936514465926,0.7829131652661064,0.7560975609756098
0.2678270205501516,0.7715014437349831,0.7749766573295985,0.7690936514465926,0.7829131652661064,0.7560975609756098
0.2587699065658222,0.8106707843338571,0.8377305877305877,0.8279171808583573,0.8560606060606061,0.8292682926829268
0.2864763982063233,0.7180537901273588,0.7690936514465926,0.7690936514465926,0.7690936514465926,0.7560975609756098
0.2762780371945263,0.721871900849226,0.7690936514465926,0.7690936514465926,0.7690936514465926,0.7560975609756098
0.26590092460524123,0.7741278860627151,0.7749766573295985,0.7690936514465926,0.7829131652661064,0.7560975609756098
0.28298641871022046,0.8641980348563776,0.753968253968254,0.7494858083093376,0.7625000000000001,0.7317073170731707
0.27711212841454785,0.815796814313749,0.7749766573295985,0.7690936514465926,0.7829131652661064,0.7560975609756098
0.27232545252525714,0.7908240643943228,0.7749766573295985,0.7690936514465926,0.7829131652661064,0.7560975609756098
0.2828562108696608,0.7970258942464503,0.8167195767195766,0.8083093377211025,0.8289473684210527,0.8048780487804879
0.29177469699238096,0.7481178525017529,0.8122895622895623,0.8083093377211025,0.821371610845295,0.8048780487804879
0.23848693697936932,0.7337251523645912,0.7958485958485958,0.7887014945838474,0.8048433048433048,0.7804878048780488
0.25821060166352655,0.7635304680684718,0.8807858807858807,0.8671328671328671,0.9242424242424242,0.8780487804878049
0.2742879778382646,0.8067954386152872,0.7958485958485958,0.7887014945838474,0.8048433048433048,0.7804878048780488
0.28911311118458066,0.7850849235930094,0.7958485958485958,0.7887014945838474,0.8048433048433048,0.7804878048780488
0.26218369949147063,0.771533018205224,0.753968253968254,0.7494858083093376,0.7625000000000001,0.7317073170731707
0.29157275763539336,0.8365689181699986,0.7958485958485958,0.7887014945838474,0.8048433048433048,0.7804878048780488
0.2668787193801598,0.8489984201221932,0.7749766573295985,0.7690936514465926,0.7829131652661064,0.7560975609756098
0.26177135023403925,0.8133518346926061,0.7906493506493506,0.7887014945838474,0.7937710437710438,0.7804878048780488
0.2980619163343334,0.8605552213947948,0.7412439613526569,0.7494858083093376,0.7365079365079366,0.7317073170731707
0.24894365227945878,0.9566409035426814,0.753968253968254,0.7494858083093376,0.7625000000000001,0.7317073170731707
0.25616779160688297,0.9225741755671617,0.753968253968254,0.7494858083093376,0.7625000000000001,0.7317073170731707
0.2879698451480639,0.9159476495370632,0.7749766573295985,0.7690936514465926,0.7829131652661064,0.7560975609756098
0.2743093897846569,0.8750286669265933,0.7958485958485958,0.7887014945838474,0.8048433048433048,0.7804878048780488
0.29217024725471136,0.8466534948930508,0.7694745002865137,0.7751268339503633,0.7732683982683982,0.7560975609756098
0.2580726722692751,0.9082597014380664,0.7749766573295985,0.7690936514465926,0.7829131652661064,0.7560975609756098
0.2811928303386417,0.8859927537964611,0.7749766573295985,0.7690936514465926,0.7829131652661064,0.7560975609756098
0.25017569794032063,0.8816092988339866,0.7511599511599512,0.743452625805567,0.7606837606837606,0.7317073170731707
0.2619451651629798,0.9276212366615854,0.7749766573295985,0.7690936514465926,0.7829131652661064,0.7560975609756098
0.2736658123284971,0.9383769980291041,0.7749766573295985,0.7690936514465926,0.7829131652661064,0.7560975609756098
0.24121278445764707,0.9086208067289213,0.7765120415982484,0.7751268339503633,0.7861111111111111,0.7560975609756098
0.3060872819775956,1.0014787970519647,0.8063492063492065,0.796242972713561,0.8568840579710145,0.8048780487804879
0.34789132871382467,0.9978245162382359,0.7749766573295985,0.7690936514465926,0.7829131652661064,0.7560975609756098
0.28957080400713514,1.0195171062539263,0.7749766573295985,0.7690936514465926,0.7829131652661064,0.7560975609756098
0.2505061153843409,1.0239104294195407,0.7919347919347919,0.7826683120800769,0.8090909090909091,0.7804878048780488
0.2565545613010043,0.9553511796928034,0.7749766573295985,0.7690936514465926,0.7829131652661064,0.7560975609756098
0.27477945257617176,0.9981660610292016,0.753968253968254,0.7494858083093376,0.7625000000000001,0.7317073170731707
0.31094998136988417,1.017302065360837,0.7511599511599512,0.743452625805567,0.7606837606837606,0.7317073170731707
0.2512813314284372,0.9954172867100414,0.7511599511599512,0.743452625805567,0.7606837606837606,0.7317073170731707
0.2577056322531839,0.9428069387994161,0.753968253968254,0.7494858083093376,0.7625000000000001,0.7317073170731707
0.2691710066826803,0.9147620579091514,0.7749766573295985,0.7690936514465926,0.7829131652661064,0.7560975609756098
0.23117018984458693,0.8857702045905881,0.7749766573295985,0.7690936514465926,0.7829131652661064,0.7560975609756098
0.250046509787401,0.908935423304395,0.7749766573295985,0.7690936514465926,0.7829131652661064,0.7560975609756098
0.2224172486636129,0.9472544978304607,0.7749766573295985,0.7690936514465926,0.7829131652661064,0.7560975609756098
0.2449415939464418,0.9832270159953977,0.7749766573295985,0.7690936514465926,0.7829131652661064,0.7560975609756098
0.24635678490422333,0.9232066986037464,0.7749766573295985,0.7690936514465926,0.7829131652661064,0.7560975609756098
0.2990737962769959,0.8945131941539485,0.7749766573295985,0.7690936514465926,0.7829131652661064,0.7560975609756098
0.245212553594861,0.8369871116266018,0.7958485958485958,0.7887014945838474,0.8048433048433048,0.7804878048780488
0.251706565826109,0.8554186123173412,0.753968253968254,0.7494858083093376,0.7625000000000001,0.7317073170731707
0.24377475085233322,0.8695374552796526,0.7958485958485958,0.7887014945838474,0.8048433048433048,0.7804878048780488
0.2692571674770919,0.8640598640209292,0.7749766573295985,0.7690936514465926,0.7829131652661064,0.7560975609756098
0.25497994102085486,0.9323377463875747,0.753968253968254,0.7494858083093376,0.7625000000000001,0.7317073170731707
0.26823985899029434,1.0359829286249673,0.7513888888888888,0.744823803647333,0.7738562091503268,0.7317073170731707
0.25229675454483186,0.97074462291671,0.7979797979797979,0.7947346770876184,0.8055555555555555,0.7804878048780488
0.2777365015962193,1.0135333756121194,0.7979797979797979,0.7947346770876184,0.8055555555555555,0.7804878048780488
0.2780919682853769,0.9454781907360729,0.7765120415982484,0.7751268339503633,0.7861111111111111,0.7560975609756098
0.23918153192248381,0.9834891208788243,0.7749766573295985,0.7690936514465926,0.7829131652661064,0.7560975609756098
0.2602180883406335,0.9289610269593029,0.7690936514465926,0.7690936514465926,0.7690936514465926,0.7560975609756098
0.24924604016746885,0.9102020321822748,0.7765120415982484,0.7751268339503633,0.7861111111111111,0.7560975609756098
0.24548190317084734,0.9730961482699324,0.7979797979797979,0.7947346770876184,0.8055555555555555,0.7804878048780488
0.24724417311535032,0.9645874035067674,0.7765120415982484,0.7751268339503633,0.7861111111111111,0.7560975609756098
0.2408710365874157,0.8534579320651728,0.7702922077922079,0.7751268339503633,0.7696969696969697,0.7560975609756098
0.2517467299992302,0.8185007136042525,0.8192758584915447,0.8143425202248732,0.8263305322128852,0.8048780487804879
0.23275275575611395,0.9531354802410777,0.7765120415982484,0.7751268339503633,0.7861111111111111,0.7560975609756098
0.2358575991716108,0.8496564132411305,0.7702922077922079,0.7751268339503633,0.7696969696969697,0.7560975609756098
0.23833268251771347,0.8836981261648783,0.7765120415982484,0.7751268339503633,0.7861111111111111,0.7560975609756098
0.2470087620152018,0.9084210177747215,0.7765120415982484,0.7751268339503633,0.7861111111111111,0.7560975609756098
0.26044618477922,0.902643167391056,0.7765120415982484,0.7751268339503633,0.7861111111111111,0.7560975609756098
0.2667484274011174,0.9165867276308013,0.8167195767195766,0.8083093377211025,0.8289473684210527,0.8048780487804879
0.26187001888229855,1.0308765667240793,0.827216415021293,0.8158508158508159,0.9027777777777778,0.8292682926829268
0.2363402679916422,0.9987881837821588,0.7513888888888888,0.744823803647333,0.7738562091503268,0.7317073170731707
0.27085172414465125,1.0219728597780553,0.7979797979797979,0.7947346770876184,0.8055555555555555,0.7804878048780488
0.2839604509615961,0.9110101432335086,0.7979797979797979,0.7947346770876184,0.8055555555555555,0.7804878048780488
0.25634891101427004,0.9451556307513539,0.7765120415982484,0.7751268339503633,0.7861111111111111,0.7560975609756098
0.231636500059772,0.9062031173124546,0.7749766573295985,0.7690936514465926,0.7829131652661064,0.7560975609756098
0.24614679373034073,0.9465844907411715,0.7765120415982484,0.7751268339503633,0.7861111111111111,0.7560975609756098
0.24276738470336692,0.8747144690374049,0.7923681257014591,0.7947346770876184,0.7911255411255412,0.7804878048780488
0.2500830019841408,0.920087844860263,0.7979797979797979,0.7947346770876184,0.8055555555555555,0.7804878048780488
0.23480407433648223,0.9590219404639267,0.7765120415982484,0.7751268339503633,0.7861111111111111,0.7560975609756098
0.23775786772802826,0.9484619948922134,0.7380952380952381,0.7555189908131085,0.7350427350427351,0.7317073170731707
0.24060699611037262,0.9274513154495053,0.7749766573295985,0.7690936514465926,0.7829131652661064,0.7560975609756098
0.22681719654468244,0.9707722271361002,0.7765120415982484,0.7751268339503633,0.7861111111111111,0.7560975609756098
0.24195090180022105,0.8995341789431688,0.7630485456572412,0.7690936514465926,0.7585470085470085,0.7560975609756098
0.2394880524254097,0.9069314075679313,0.7645094503439523,0.7751268339503633,0.7619047619047619,0.7560975609756098
0.24228735924710698,0.9887360174481462,0.7749766573295985,0.7690936514465926,0.7829131652661064,0.7560975609756098
0.24600662719605781,1.0328220129013062,0.7958485958485958,0.7887014945838474,0.8048433048433048,0.7804878048780488
0.3000373460136177,1.0072995991241642,0.7419623521572546,0.7555189908131085,0.7425213675213675,0.7317073170731707
0.2572944535035886,0.928054203347462,0.7887014945838474,0.7887014945838474,0.7887014945838474,0.7804878048780488
0.24487224343112401,0.8994680904760594,0.8096969696969696,0.8083093377211025,0.8122895622895623,0.8048780487804879
0.22896689526481176,0.9521019662298807,0.7911255411255412,0.7947346770876184,0.791919191919192,0.7804878048780488
0.25010147871631433,1.021264605405854,0.7495798319327731,0.7387906211435623,0.7686274509803922,0.7317073170731707
0.24810103148143337,0.9538430120886826,0.7424242424242425,0.7387906211435623,0.75,0.7317073170731707
0.23104649911927044,0.944658480039457,0.7715343915343915,0.7630604689428219,0.783625730994152,0.7560975609756098
0.23591876226553501,0.9459582683516712,0.7715343915343915,0.7630604689428219,0.783625730994152,0.7560975609756098
0.22656134164113167,0.9195904891665388,0.746482683982684,0.7494858083093376,0.7474747474747474,0.7317073170731707
0.2313143213065759,0.8926564047976238,0.753968253968254,0.7494858083093376,0.7625000000000001,0.7317073170731707
0.22886560829774055,0.9645262680402616,0.746482683982684,0.7494858083093376,0.7474747474747474,0.7317073170731707
0.26138490981036566,1.0304922883103533,0.753968253968254,0.7494858083093376,0.7625000000000001,0.7317073170731707
0.22446464965400093,1.0332835185818556,0.7958485958485958,0.7887014945838474,0.8048433048433048,0.7804878048780488
0.23483395662974557,0.9861896852167641,0.8167195767195766,0.8083093377211025,0.8289473684210527,0.8048780487804879
0.25051531211367384,0.9798465153066124,0.7765120415982484,0.7751268339503633,0.7861111111111111,0.7560975609756098
0.22381262347534653,1.0194697976112366,0.8167195767195766,0.8083093377211025,0.8289473684210527,0.8048780487804879
0.22306976465405134,1.0069185975121289,0.7958485958485958,0.7887014945838474,0.8048433048433048,0.7804878048780488
0.24756311180959592,1.0911349465207356,0.7929971988795518,0.7840394899218429,0.8104575163398692,0.7804878048780488
0.2343412487519448,1.0084046285326889,0.7958485958485958,0.7887014945838474,0.8048433048433048,0.7804878048780488
0.22950490770522397,0.9896474204412321,0.7958485958485958,0.7887014945838474,0.8048433048433048,0.7804878048780488
0.25156082661139306,1.0115734891193668,0.7749766573295985,0.7690936514465926,0.7829131652661064,0.7560975609756098
0.23929166746642785,1.0290558876060858,0.7749766573295985,0.7690936514465926,0.7829131652661064,0.7560975609756098
0.23820594637249265,1.0363301416722739,0.812502270168174,0.8022761552173318,0.8380952380952381,0.8048780487804879
0.24397648395208696,1.096405442168073,0.8377305877305877,0.8279171808583573,0.8560606060606061,0.8292682926829268
0.23371235106268157,1.0536731452476689,0.7958485958485958,0.7887014945838474,0.8048433048433048,0.7804878048780488
0.24093852009339195,1.0804737530103543,0.753968253968254,0.7494858083093376,0.7625000000000001,0.7317073170731707
0.2233681842724063,1.0055062523702296,0.7749766573295985,0.7690936514465926,0.7829131652661064,0.7560975609756098
0.22039771477119274,1.106391934359946,0.7749766573295985,0.7690936514465926,0.7829131652661064,0.7560975609756098
0.23140062065426467,1.1282009874902121,0.7749766573295985,0.7690936514465926,0.7829131652661064,0.7560975609756098
0.2095736957948881,1.0571275498808883,0.753968253968254,0.7494858083093376,0.7625000000000001,0.7317073170731707
0.23120628647250677,1.0105169662615148,0.7765120415982484,0.7751268339503633,0.7861111111111111,0.7560975609756098
0.2102216847811022,0.970316123671648,0.7765120415982484,0.7751268339503633,0.7861111111111111,0.7560975609756098
0.2342616492258213,1.0676258104603464,0.7749766573295985,0.7690936514465926,0.7829131652661064,0.7560975609756098
0.2683174044365619,0.9856740977705979,0.753968253968254,0.7494858083093376,0.7625000000000001,0.7317073170731707
0.2606737281842093,1.0168377800685604,0.753968253968254,0.7494858083093376,0.7625000000000001,0.7317073170731707
0.2546905592123248,1.0601671439845388,0.7919347919347919,0.7826683120800769,0.8090909090909091,0.7804878048780488
0.23451746886198,1.0555965115384358,0.7511599511599512,0.743452625805567,0.7606837606837606,0.7317073170731707
0.2317094202091952,1.0455582025574475,0.753968253968254,0.7494858083093376,0.7625000000000001,0.7317073170731707
0.24115483592556775,1.0687558345678376,0.753968253968254,0.7494858083093376,0.7625000000000001,0.7317073170731707
0.23424032983175996,0.9984629154205322,0.7958485958485958,0.7887014945838474,0.8048433048433048,0.7804878048780488
0.2836491879183887,0.9885095052602815,0.7765120415982484,0.7751268339503633,0.7861111111111111,0.7560975609756098
0.24888208972432682,1.1106588055447835,0.753968253968254,0.7494858083093376,0.7625000000000001,0.7317073170731707
0.23287118511338348,0.9799605288156649,0.753968253968254,0.7494858083093376,0.7625000000000001,0.7317073170731707
0.21547947120226152,1.0420549584598076,0.753968253968254,0.7494858083093376,0.7625000000000001,0.7317073170731707
0.24876241267985594,1.2273342231424844,0.7513888888888888,0.744823803647333,0.7738562091503268,0.7317073170731707
0.21137437963548625,1.1045248319463032,0.753968253968254,0.7494858083093376,0.7625000000000001,0.7317073170731707
0.22278915471483346,1.0983820775660074,0.753968253968254,0.7494858083093376,0.7625000000000001,0.7317073170731707
0.21842084683497537,1.0801769495010376,0.753968253968254,0.7494858083093376,0.7625000000000001,0.7317073170731707
0.2436439132312986,1.0579662264847174,0.7749766573295985,0.7690936514465926,0.7829131652661064,0.7560975609756098
0.2297935496062276,1.0243158660283902,0.753968253968254,0.7494858083093376,0.7625000000000001,0.7317073170731707
0.2531038172012269,1.0438306128106467,0.7919347919347919,0.7826683120800769,0.8090909090909091,0.7804878048780488
0.24334817476039827,0.9814582219937953,0.7749766573295985,0.7690936514465926,0.7829131652661064,0.7560975609756098
0.2772042931384336,1.0472003250587276,0.753968253968254,0.7494858083093376,0.7625000000000001,0.7317073170731707
0.25476770570850626,1.0829440776894732,0.7765120415982484,0.7751268339503633,0.7861111111111111,0.7560975609756098
0.22195378232914414,1.0272822685358,0.7765120415982484,0.7751268339503633,0.7861111111111111,0.7560975609756098
0.22551803334092715,0.9480377261231585,0.7749766573295985,0.7690936514465926,0.7829131652661064,0.7560975609756098
0.22928249316982985,0.9721500699113055,0.7958485958485958,0.7887014945838474,0.8048433048433048,0.7804878048780488
0.21981418439454956,0.917843570069569,0.8167195767195766,0.8083093377211025,0.8289473684210527,0.8048780487804879
0.24081932224510214,0.8587376155504366,0.7749766573295985,0.7690936514465926,0.7829131652661064,0.7560975609756098
0.21140929643742956,0.9587783493646761,0.7749766573295985,0.7690936514465926,0.7829131652661064,0.7560975609756098
0.2150825884458572,1.021227983439841,0.7749766573295985,0.7690936514465926,0.7829131652661064,0.7560975609756098
0.22626242867245838,1.0062040570305615,0.7958485958485958,0.7887014945838474,0.8048433048433048,0.7804878048780488
0.21552190027325008,1.0970669257931593,0.7749766573295985,0.7690936514465926,0.7829131652661064,0.7560975609756098
0.22540097312122032,1.1065013379585453,0.7765120415982484,0.7751268339503633,0.7861111111111111,0.7560975609756098
0.22296891280875042,1.201779627218479,0.753968253968254,0.7494858083093376,0.7625000000000001,0.7317073170731707
0.21171962743069692,1.1329860396501494,0.753968253968254,0.7494858083093376,0.7625000000000001,0.7317073170731707
0.2751834718879106,1.0819102002353203,0.7749766573295985,0.7690936514465926,0.7829131652661064,0.7560975609756098
0.28423593034058575,0.9515518066359729,0.7749766573295985,0.7690936514465926,0.7829131652661064,0.7560975609756098
0.2270704780688072,0.9787374880255723,0.7958485958485958,0.7887014945838474,0.8048433048433048,0.7804878048780488
0.2715883197995163,0.9835268317199335,0.753968253968254,0.7494858083093376,0.7625000000000001,0.7317073170731707
0.26116342775739904,0.9207532943748846,0.7749766573295985,0.7690936514465926,0.7829131652661064,0.7560975609756098
0.2535148784321657,1.024215720048765,0.7979797979797979,0.7947346770876184,0.8055555555555555,0.7804878048780488
0.2802858973870491,0.8964709159804554,0.7958485958485958,0.7887014945838474,0.8048433048433048,0.7804878048780488
0.24115561849209124,0.8527036062101039,0.7958485958485958,0.7887014945838474,0.8048433048433048,0.7804878048780488
0.23770135141771512,0.8904106224455485,0.8192758584915447,0.8143425202248732,0.8263305322128852,0.8048780487804879
0.2405513550958407,0.8802985127379255,0.7958485958485958,0.7887014945838474,0.8048433048433048,0.7804878048780488
0.2370879613551112,0.9587898210781377,0.7979797979797979,0.7947346770876184,0.8055555555555555,0.7804878048780488
0.2105588149426795,0.9204835644582423,0.7979797979797979,0.7947346770876184,0.8055555555555555,0.7804878048780488
0.2183140936580371,0.9761486387834316,0.7765120415982484,0.7751268339503633,0.7861111111111111,0.7560975609756098
0.23210527226918606,0.9714334301832246,0.7765120415982484,0.7751268339503633,0.7861111111111111,0.7560975609756098
0.20446303526141082,0.9991888331203926,0.7765120415982484,0.7751268339503633,0.7861111111111111,0.7560975609756098
0.22874479786072682,0.9679978940545059,0.8377305877305877,0.8279171808583573,0.8560606060606061,0.8292682926829268
0.21801198912799202,0.9628499222964775,0.8167195767195766,0.8083093377211025,0.8289473684210527,0.8048780487804879
0.24587370168250594,0.9216933919162285,0.812502270168174,0.8022761552173318,0.8380952380952381,0.8048780487804879
0.23583482496813923,0.8151042388706673,0.7871666132535697,0.7826683120800769,0.8030303030303031,0.7804878048780488
0.21783563046467966,0.9436580204382176,0.7715343915343915,0.7630604689428219,0.783625730994152,0.7560975609756098
0.2202863466771108,1.021305633754265,0.7979797979797979,0.7947346770876184,0.8055555555555555,0.7804878048780488
0.22248934653629412,1.0865294090131434,0.7715343915343915,0.7630604689428219,0.783625730994152,0.7560975609756098
0.2093257346143823,0.9793505610489264,0.7919347919347919,0.7826683120800769,0.8090909090909091,0.7804878048780488
0.2330071152750609,0.8975478497947135,0.7958485958485958,0.7887014945838474,0.8048433048433048,0.7804878048780488
0.20183346508989863,0.8777756865431623,0.8167195767195766,0.8083093377211025,0.8289473684210527,0.8048780487804879
0.2047065986728291,0.9097001945100179,0.753968253968254,0.7494858083093376,0.7625000000000001,0.7317073170731707
0.22222933869091377,0.8768132619741487,0.7979797979797979,0.7947346770876184,0.8055555555555555,0.7804878048780488
0.25855295434790737,1.0434262694382086,0.7958485958485958,0.7887014945838474,0.8048433048433048,0.7804878048780488
0.22823017293041803,1.1042408914100834,0.8167195767195766,0.8083093377211025,0.8289473684210527,0.8048780487804879
0.20545726873000253,1.1465056814798495,0.812502270168174,0.8022761552173318,0.8380952380952381,0.8048780487804879
0.20947143710697547,1.082153939619297,0.8167195767195766,0.8083093377211025,0.8289473684210527,0.8048780487804879
0.20131604330206296,1.1555205583572388,0.812502270168174,0.8022761552173318,0.8380952380952381,0.8048780487804879
0.20456018292966807,1.1216077979018049,0.8063492063492065,0.796242972713561,0.8568840579710145,0.8048780487804879
0.19523642870713034,1.1036716292544109,0.8377305877305877,0.8279171808583573,0.8560606060606061,0.8292682926829268
0.23142962090887306,1.0722466968908542,0.7958485958485958,0.7887014945838474,0.8048433048433048,0.7804878048780488
0.210197392015627,1.0594234059496623,0.7749766573295985,0.7690936514465926,0.7829131652661064,0.7560975609756098
0.21168176715795473,1.0831486132086776,0.7958485958485958,0.7887014945838474,0.8048433048433048,0.7804878048780488
0.2165201959399246,1.053742115090533,0.7958485958485958,0.7887014945838474,0.8048433048433048,0.7804878048780488
0.21353754511294704,1.0415592135452643,0.7958485958485958,0.7887014945838474,0.8048433048433048,0.7804878048780488
0.2031856478931564,1.042941012033602,0.7958485958485958,0.7887014945838474,0.8048433048433048,0.7804878048780488
0.2217284514123972,1.1121381114168865,0.7958485958485958,0.7887014945838474,0.8048433048433048,0.7804878048780488
0.20527621105038082,1.1231155191979758,0.7958485958485958,0.7887014945838474,0.8048433048433048,0.7804878048780488
0.21013554344862936,1.1202599798760764,0.7958485958485958,0.7887014945838474,0.8048433048433048,0.7804878048780488
0.21141182743307782,1.051751805514824,0.7958485958485958,0.7887014945838474,0.8048433048433048,0.7804878048780488
0.2147256752038694,1.1446109312336619,0.8167195767195766,0.8083093377211025,0.8289473684210527,0.8048780487804879
0.22369415421127328,1.094794561223286,0.7749766573295985,0.7690936514465926,0.7829131652661064,0.7560975609756098
0.2551708619324073,1.0898669551058513,0.8167195767195766,0.8083093377211025,0.8289473684210527,0.8048780487804879
0.25962089281283457,1.0733457978178815,0.7749766573295985,0.7690936514465926,0.7829131652661064,0.7560975609756098
0.22661909232982544,1.0108608923307278,0.8167195767195766,0.8083093377211025,0.8289473684210527,0.8048780487804879
0.21363259254313396,1.0721955880886171,0.8377305877305877,0.8279171808583573,0.8560606060606061,0.8292682926829268
0.21789816061236297,1.0486154730727033,0.8167195767195766,0.8083093377211025,0.8289473684210527,0.8048780487804879
0.23512354033131713,1.013758500901664,0.8167195767195766,0.8083093377211025,0.8289473684210527,0.8048780487804879
0.20433731463622293,1.0836298654719096,0.7749766573295985,0.7690936514465926,0.7829131652661064,0.7560975609756098
0.2209938861488667,1.0126741354058428,0.7749766573295985,0.7690936514465926,0.7829131652661064,0.7560975609756098
0.23506043167258944,0.9881658147021037,0.7676767676767676,0.7690936514465926,0.7673160173160173,0.7560975609756098
0.23912780297463046,1.0655346192964694,0.7979797979797979,0.7947346770876184,0.8055555555555555,0.7804878048780488
0.22864856207276396,1.1127077878975287,0.7749766573295985,0.7690936514465926,0.7829131652661064,0.7560975609756098
0.23910529042611336,1.094454535623876,0.8167195767195766,0.8083093377211025,0.8289473684210527,0.8048780487804879
0.22075087870016577,1.142184068516987,0.7715343915343915,0.7630604689428219,0.783625730994152,0.7560975609756098
0.21781036971348255,1.183204775903283,0.7749766573295985,0.7690936514465926,0.7829131652661064,0.7560975609756098
0.21359022189727875,1.1991730695817528,0.7715343915343915,0.7630604689428219,0.783625730994152,0.7560975609756098
0.20944732883674802,1.1691125776709579,0.7511599511599512,0.743452625805567,0.7606837606837606,0.7317073170731707
0.20613499795698553,1.1140112237232487,0.7749766573295985,0.7690936514465926,0.7829131652661064,0.7560975609756098
0.20391206118944138,1.071212707496271,0.7749766573295985,0.7690936514465926,0.7829131652661064,0.7560975609756098
0.21989919756364695,1.1806777541230364,0.7715343915343915,0.7630604689428219,0.783625730994152,0.7560975609756098
0.21114076025253237,1.082506380430082,0.7958485958485958,0.7887014945838474,0.8048433048433048,0.7804878048780488
0.21725108181581018,1.0485525480130824,0.7749766573295985,0.7690936514465926,0.7829131652661064,0.7560975609756098
0.22232861820814792,1.1167572358759439,0.7749766573295985,0.7690936514465926,0.7829131652661064,0.7560975609756098
0.2146282590788084,1.1087392917493495,0.7495798319327731,0.7387906211435623,0.7686274509803922,0.7317073170731707
0.20921091106290238,1.0412994128901785,0.7900284900284901,0.7780063074180722,0.8097165991902834,0.7804878048780488
0.2177011025455193,1.1332384115312157,0.7655855855855856,0.7523652817770466,0.7888888888888888,0.7560975609756098
0.23333549334380116,1.1523325326966076,0.7495798319327731,0.7387906211435623,0.7686274509803922,0.7317073170731707
0.3597583545072098,1.1965534192759817,0.7765120415982484,0.7751268339503633,0.7861111111111111,0.7560975609756098
0.24669934710915295,1.0957511372682525,0.7511599511599512,0.743452625805567,0.7606837606837606,0.7317073170731707
0.26575044410838927,1.1967795098700174,0.7715343915343915,0.7630604689428219,0.783625730994152,0.7560975609756098
0.23629271752129757,1.0833151195107438,0.7511599511599512,0.743452625805567,0.7606837606837606,0.7317073170731707
0.22566031348107674,1.07913195650752,0.7958485958485958,0.7887014945838474,0.8048433048433048,0.7804878048780488
0.2253602875254085,1.1860279804322778,0.7958485958485958,0.7887014945838474,0.8048433048433048,0.7804878048780488
0.21730510745010778,1.1641258132166978,0.7749766573295985,0.7690936514465926,0.7829131652661064,0.7560975609756098
0.21355968159389999,1.1378977255123417,0.7749766573295985,0.7690936514465926,0.7829131652661064,0.7560975609756098
0.23140705205834322,1.170805178037504,0.7749766573295985,0.7690936514465926,0.7829131652661064,0.7560975609756098
0.2118257472886259,1.1260431626947915,0.7749766573295985,0.7690936514465926,0.7829131652661064,0.7560975609756098
0.20929457337686444,1.0801455247692946,0.7906493506493506,0.7887014945838474,0.7937710437710438,0.7804878048780488
0.22642325584366327,1.0929647044437687,0.7958485958485958,0.7887014945838474,0.8048433048433048,0.7804878048780488
0.2238007026643426,1.0930937077940963,0.7958485958485958,0.7887014945838474,0.8048433048433048,0.7804878048780488
0.20209824142481217,1.0472677480883714,0.7958485958485958,0.7887014945838474,0.8048433048433048,0.7804878048780488
0.21263539460843975,1.0453154662760293,0.8377305877305877,0.8279171808583573,0.8560606060606061,0.8292682926829268
0.19940162542470213,1.0476830863371127,0.8167195767195766,0.8083093377211025,0.8289473684210527,0.8048780487804879
0.21240468539474508,1.0775407261964751,0.8167195767195766,0.8083093377211025,0.8289473684210527,0.8048780487804879
0.2010228626410376,1.0665090912725868,0.8167195767195766,0.8083093377211025,0.8289473684210527,0.8048780487804879
0.22159569012615485,1.1193628223930918,0.7958485958485958,0.7887014945838474,0.8048433048433048,0.7804878048780488
0.21612587897475602,1.013548352369448,0.7906493506493506,0.7887014945838474,0.7937710437710438,0.7804878048780488
0.20108557207445985,1.0315228133666805,0.7749766573295985,0.7690936514465926,0.7829131652661064,0.7560975609756098
0.19909970710019637,1.048772163507415,0.7749766573295985,0.7690936514465926,0.7829131652661064,0.7560975609756098
0.20456686851846198,1.0828438953655521,0.7958485958485958,0.7887014945838474,0.8048433048433048,0.7804878048780488
0.2188864324369657,1.1580825549800222,0.8377305877305877,0.8279171808583573,0.8560606060606061,0.8292682926829268
0.20719565915086338,1.1598319629343545,0.8377305877305877,0.8279171808583573,0.8560606060606061,0.8292682926829268
0.19772868908175065,1.0942476755235253,0.7749766573295985,0.7690936514465926,0.7829131652661064,0.7560975609756098
0.20833700156148946,1.1680775444682052,0.753968253968254,0.7494858083093376,0.7625000000000001,0.7317073170731707
0.2016525969184483,1.226234305195692,0.753968253968254,0.7494858083093376,0.7625000000000001,0.7317073170731707
0.20761476946616236,1.19848657526621,0.8167195767195766,0.8083093377211025,0.8289473684210527,0.8048780487804879
0.21982531332088964,1.2251228850062301,0.8167195767195766,0.8083093377211025,0.8289473684210527,0.8048780487804879
0.20658040408408737,1.2249427975677862,0.7749766573295985,0.7690936514465926,0.7829131652661064,0.7560975609756098
0.20957715302155325,1.1888543948894594,0.7958485958485958,0.7887014945838474,0.8048433048433048,0.7804878048780488
0.1973341978634253,1.206202730899904,0.7749766573295985,0.7690936514465926,0.7829131652661064,0.7560975609756098
0.21358202692701195,1.1728525336195783,0.7958485958485958,0.7887014945838474,0.8048433048433048,0.7804878048780488
0.21302775358461767,1.133450365648037,0.7958485958485958,0.7887014945838474,0.8048433048433048,0.7804878048780488
0.2036318980294985,1.1159121568610029,0.7958485958485958,0.7887014945838474,0.8048433048433048,0.7804878048780488
0.20345908702206172,1.0960484539590232,0.7958485958485958,0.7887014945838474,0.8048433048433048,0.7804878048780488
0.2199741123062325,1.0579391427156402,0.7871666132535697,0.7826683120800769,0.8030303030303031,0.7804878048780488
0.22746353366444166,1.1774375133398103,0.753968253968254,0.7494858083093376,0.7625000000000001,0.7317073170731707
0.24396068848531918,1.191702961921692,0.7765120415982484,0.7751268339503633,0.7861111111111111,0.7560975609756098
0.20866939451024527,1.1408045204674326,0.7958485958485958,0.7887014945838474,0.8048433048433048,0.7804878048780488
0.20908060941186618,1.108761067797498,0.753968253968254,0.7494858083093376,0.7625000000000001,0.7317073170731707
0.2226196246364186,1.0869290014592612,0.7690936514465926,0.7690936514465926,0.7690936514465926,0.7560975609756098
0.21976835864514976,1.1941761781529683,0.753968253968254,0.7494858083093376,0.7625000000000001,0.7317073170731707
0.22204876669478604,1.2753188784529523,0.7749766573295985,0.7690936514465926,0.7829131652661064,0.7560975609756098
0.2219436006291246,1.207891435157962,0.7749766573295985,0.7690936514465926,0.7829131652661064,0.7560975609756098
0.21787921868087748,1.1991737266866171,0.7749766573295985,0.7690936514465926,0.7829131652661064,0.7560975609756098
0.20399409359551987,1.2295291947155464,0.7749766573295985,0.7690936514465926,0.7829131652661064,0.7560975609756098
0.2065731148999725,1.215245322483342,0.7749766573295985,0.7690936514465926,0.7829131652661064,0.7560975609756098
0.2060890619232661,1.1945620746147343,0.7958485958485958,0.7887014945838474,0.8048433048433048,0.7804878048780488
0.22388394589788996,1.160235657924559,0.753968253968254,0.7494858083093376,0.7625000000000001,0.7317073170731707
0.21067541019897662,1.151335027159714,0.753968253968254,0.7494858083093376,0.7625000000000001,0.7317073170731707
0.22044742162435224,1.193024350375664,0.753968253968254,0.7494858083093376,0.7625000000000001,0.7317073170731707
0.2248480095869633,1.205274512128132,0.7749766573295985,0.7690936514465926,0.7829131652661064,0.7560975609756098
0.20123971432526067,1.2103518858188536,0.7749766573295985,0.7690936514465926,0.7829131652661064,0.7560975609756098
0.19854386634436635,1.1660842532064857,0.7958485958485958,0.7887014945838474,0.8048433048433048,0.7804878048780488
0.2008746120302218,1.0861199643553756,0.8167195767195766,0.8083093377211025,0.8289473684210527,0.8048780487804879
0.2032990501235217,1.137062594657991,0.8167195767195766,0.8083093377211025,0.8289473684210527,0.8048780487804879
0.21074423893775035,1.2147498770457943,0.8377305877305877,0.8279171808583573,0.8560606060606061,0.8292682926829268
0.21832992079468705,1.189345624388718,0.8167195767195766,0.8083093377211025,0.8289473684210527,0.8048780487804879
0.22479936987712076,1.1445404363841545,0.7958485958485958,0.7887014945838474,0.8048433048433048,0.7804878048780488
0.22275684946916977,1.1480082418860458,0.7749766573295985,0.7690936514465926,0.7829131652661064,0.7560975609756098
0.21558718049117317,1.3092073202133179,0.7919347919347919,0.7826683120800769,0.8090909090909091,0.7804878048780488
0.22378987427751748,1.3317343519955147,0.7919347919347919,0.7826683120800769,0.8090909090909091,0.7804878048780488
0.23054540125864476,1.367865742706671,0.7458689458689459,0.7327574386397916,0.766531713900135,0.7317073170731707
0.2114059579679079,1.3393918014154202,0.7919347919347919,0.7826683120800769,0.8090909090909091,0.7804878048780488
0.20858845710361223,1.2784474361233595,0.7919347919347919,0.7826683120800769,0.8090909090909091,0.7804878048780488
0.21884236856312111,1.190034072573592,0.8167195767195766,0.8083093377211025,0.8289473684210527,0.8048780487804879
0.22139629061115135,1.2356583025397323,0.8377305877305877,0.8279171808583573,0.8560606060606061,0.8292682926829268
0.20700828153099424,1.1754959196579167,0.8167195767195766,0.8083093377211025,0.8289473684210527,0.8048780487804879
0.20331633130289947,1.2021715321191928,0.7749766573295985,0.7690936514465926,0.7829131652661064,0.7560975609756098
0.20737731181537256,1.2281533159860751,0.7958485958485958,0.7887014945838474,0.8048433048433048,0.7804878048780488
0.20281487805547688,1.2161605154595725,0.7749766573295985,0.7690936514465926,0.7829131652661064,0.7560975609756098
0.20668396762618918,1.208951505219064,0.753968253968254,0.7494858083093376,0.7625000000000001,0.7317073170731707
0.21722603508696392,1.249153189542817,0.8167195767195766,0.8083093377211025,0.8289473684210527,0.8048780487804879
0.21612175064539846,1.1989453260491534,0.7958485958485958,0.7887014945838474,0.8048433048433048,0.7804878048780488
0.2056579944483523,1.1846521278706992,0.7958485958485958,0.7887014945838474,0.8048433048433048,0.7804878048780488
0.1985413935772662,1.1988032416599552,0.753968253968254,0.7494858083093376,0.7625000000000001,0.7317073170731707
0.19802578261471046,1.135331078273494,0.7749766573295985,0.7690936514465926,0.7829131652661064,0.7560975609756098
0.20582231022122668,1.2208259716266538,0.7958485958485958,0.7887014945838474,0.8048433048433048,0.7804878048780488
0.2334470061639368,1.366749173257409,0.7495798319327731,0.7387906211435623,0.7686274509803922,0.7317073170731707
0.21988025801084288,1.3797950453874541,0.7291187739463602,0.7191827780063074,0.75,0.7073170731707317
0.20449429577447495,1.3246594245840864,0.7291187739463602,0.7191827780063074,0.75,0.7073170731707317
0.22950184148660122,1.2635181618899833,0.7749766573295985,0.7690936514465926,0.7829131652661064,0.7560975609756098
0.25214776962916896,1.2951629336287336,0.7749766573295985,0.7690936514465926,0.7829131652661064,0.7560975609756098
0.2085839175769081,1.1521623788810358,0.7749766573295985,0.7690936514465926,0.7829131652661064,0.7560975609756098
0.2052326844439972,1.0849084505220739,0.753968253968254,0.7494858083093376,0.7625000000000001,0.7317073170731707
0.19935811265791942,1.1010405697473666,0.7749766573295985,0.7690936514465926,0.7829131652661064,0.7560975609756098
0.21746180943731896,1.0148186291136392,0.7958485958485958,0.7887014945838474,0.8048433048433048,0.7804878048780488
0.19661663515901187,0.862866041136951,0.7690936514465926,0.7690936514465926,0.7690936514465926,0.7560975609756098
0.2098249182655503,1.1000789476603996,0.7958485958485958,0.7887014945838474,0.8048433048433048,0.7804878048780488
0.21395690672315834,1.0181578092458772,0.8167195767195766,0.8083093377211025,0.8289473684210527,0.8048780487804879
0.24171739533582903,1.2733687772983457,0.812502270168174,0.8022761552173318,0.8380952380952381,0.8048780487804879
0.23434623431090001,1.079093188774295,0.7958485958485958,0.7887014945838474,0.8048433048433048,0.7804878048780488
0.2191355548464843,1.1747197145368995,0.8167195767195766,0.8083093377211025,0.8289473684210527,0.8048780487804879
0.2379134896169552,1.1269965244502556,0.7765120415982484,0.7751268339503633,0.7861111111111111,0.7560975609756098
0.22315823328054674,1.224290917559368,0.7715343915343915,0.7630604689428219,0.783625730994152,0.7560975609756098
0.22725893710408174,1.294416160118289,0.7715343915343915,0.7630604689428219,0.783625730994152,0.7560975609756098
0.24908285428792,1.1188053968476086,0.7511599511599512,0.743452625805567,0.7606837606837606,0.7317073170731707
0.2224763230000448,1.2353836850422184,0.7919347919347919,0.7826683120800769,0.8090909090909091,0.7804878048780488
0.21428826144628602,1.208397850757692,0.7919347919347919,0.7826683120800769,0.8090909090909091,0.7804878048780488
0.20362666298421517,1.1409543927122907,0.812502270168174,0.8022761552173318,0.8380952380952381,0.8048780487804879
0.21068971277777312,1.0540956084321185,0.7919347919347919,0.7826683120800769,0.8090909090909091,0.7804878048780488
0.20210623181864895,1.0664116522160971,0.753968253968254,0.7494858083093376,0.7625000000000001,0.7317073170731707
0.20880619041366125,1.049523182031585,0.753968253968254,0.7494858083093376,0.7625000000000001,0.7317073170731707
0.19778152649588196,1.070230550882293,0.753968253968254,0.7494858083093376,0.7625000000000001,0.7317073170731707
0.20422022976472698,1.1162761827794516,0.753968253968254,0.7494858083093376,0.7625000000000001,0.7317073170731707
0.19846127781830236,1.1705867226530866,0.753968253968254,0.7494858083093376,0.7625000000000001,0.7317073170731707
0.21968488041360648,1.1416165974082015,0.753968253968254,0.7494858083093376,0.7625000000000001,0.7317073170731707
0.19988590148633892,1.0729082081376053,0.7690936514465926,0.7690936514465926,0.7690936514465926,0.7560975609756098
0.20547634614803545,1.0890445796454824,0.7749766573295985,0.7690936514465926,0.7829131652661064,0.7560975609756098
0.20407160648727166,1.1204105237635171,0.7749766573295985,0.7690936514465926,0.7829131652661064,0.7560975609756098
0.19607861615265265,1.1121145646746566,0.7749766573295985,0.7690936514465926,0.7829131652661064,0.7560975609756098
0.2016121994772813,1.083562755003208,0.7749766573295985,0.7690936514465926,0.7829131652661064,0.7560975609756098
0.19303085476081416,1.1005494914403775,0.7749766573295985,0.7690936514465926,0.7829131652661064,0.7560975609756098
0.19574912112589563,1.0750085318960794,0.7749766573295985,0.7690936514465926,0.7829131652661064,0.7560975609756098
0.1958389725722864,1.076900377506163,0.7749766573295985,0.7690936514465926,0.7829131652661064,0.7560975609756098
0.20343415309382618,1.1232550725704287,0.7749766573295985,0.7690936514465926,0.7829131652661064,0.7560975609756098
0.27488420832912025,1.1575538414280588,0.7749766573295985,0.7690936514465926,0.7829131652661064,0.7560975609756098
0.19870682182601385,1.0865235372287472,0.753968253968254,0.7494858083093376,0.7625000000000001,0.7317073170731707
0.20476559468970135,1.1247459679115108,0.7749766573295985,0.7690936514465926,0.7829131652661064,0.7560975609756098
0.20677919217967736,1.1332975625991821,0.7749766573295985,0.7690936514465926,0.7829131652661064,0.7560975609756098
0.22268562868119543,1.0946825524655783,0.7979797979797979,0.7947346770876184,0.8055555555555555,0.7804878048780488
0.23401266831835846,1.195598163255831,0.7749766573295985,0.7690936514465926,0.7829131652661064,0.7560975609756098
0.20613493276931993,1.2001315442527212,0.7749766573295985,0.7690936514465926,0.7829131652661064,0.7560975609756098
0.23115854960003754,1.2493792510614163,0.7749766573295985,0.7690936514465926,0.7829131652661064,0.7560975609756098
0.22775228765834918,1.248680062410308,0.8167195767195766,0.8083093377211025,0.8289473684210527,0.8048780487804879
0.21577791169796895,1.0450743771180875,0.7979797979797979,0.7947346770876184,0.8055555555555555,0.7804878048780488
0.24850696069741313,1.0849011932931296,0.7749766573295985,0.7690936514465926,0.7829131652661064,0.7560975609756098
0.2651558652087692,1.0868887959457025,0.7749766573295985,0.7690936514465926,0.7829131652661064,0.7560975609756098
0.21533764470221184,1.111914114254277,0.7979797979797979,0.7947346770876184,0.8055555555555555,0.7804878048780488
0.22607692411675617,1.1937819632088267,0.7749766573295985,0.7690936514465926,0.7829131652661064,0.7560975609756098
0.21514138382783352,1.14141114746652,0.7765120415982484,0.7751268339503633,0.7861111111111111,0.7560975609756098
0.21439035598552322,1.0766859839602214,0.7958485958485958,0.7887014945838474,0.8048433048433048,0.7804878048780488
0.2105466541797316,1.0128303213817318,0.7749766573295985,0.7690936514465926,0.7829131652661064,0.7560975609756098
0.20838965542398216,0.9950472930582558,0.7979797979797979,0.7947346770876184,0.8055555555555555,0.7804878048780488
0.22707917849904313,1.0622332474080527,0.7979797979797979,0.7947346770876184,0.8055555555555555,0.7804878048780488
0.21598913719125662,1.0725608627970626,0.7979797979797979,0.7947346770876184,0.8055555555555555,0.7804878048780488
0.20486996749460226,1.0759747260954322,0.7979797979797979,0.7947346770876184,0.8055555555555555,0.7804878048780488
0.21895854532875927,1.2198367293288068,0.7765120415982484,0.7751268339503633,0.7861111111111111,0.7560975609756098
0.2116092489860303,1.0992880681665933,0.7958485958485958,0.7887014945838474,0.8048433048433048,0.7804878048780488
0.20174661903865734,1.0923644856708805,0.812502270168174,0.8022761552173318,0.8380952380952381,0.8048780487804879
0.21063677730692407,0.9726393222808838,0.8192758584915447,0.8143425202248732,0.8263305322128852,0.8048780487804879
0.20187802705176588,0.9783676252132509,0.8192758584915447,0.8143425202248732,0.8263305322128852,0.8048780487804879
0.2005675538076889,0.9747882848832665,0.8192758584915447,0.8143425202248732,0.8263305322128852,0.8048780487804879
0.19666519910490293,1.0056630416614254,0.7765120415982484,0.7751268339503633,0.7861111111111111,0.7560975609756098
0.20817279689859275,1.0827392775837967,0.7765120415982484,0.7751268339503633,0.7861111111111111,0.7560975609756098
0.2075307139227447,1.0084282770389463,0.7958485958485958,0.7887014945838474,0.8048433048433048,0.7804878048780488
0.21674795295443572,1.06224882893446,0.7765120415982484,0.7751268339503633,0.7861111111111111,0.7560975609756098
0.24033391644740798,1.1293915757318822,0.7765120415982484,0.7751268339503633,0.7861111111111111,0.7560975609756098
0.22590975516468365,1.0660983963710506,0.7979797979797979,0.7947346770876184,0.8055555555555555,0.7804878048780488
0.23010680909049858,1.1131035380247163,0.8192758584915447,0.8143425202248732,0.8263305322128852,0.8048780487804879
0.2121492112374872,1.1145916304937222,0.8192758584915447,0.8143425202248732,0.8263305322128852,0.8048780487804879
0.20328749743803826,1.1217416350434466,0.8192758584915447,0.8143425202248732,0.8263305322128852,0.8048780487804879
0.21773506815012023,1.043843958435989,0.7958485958485958,0.7887014945838474,0.8048433048433048,0.7804878048780488
0.21243952002405805,1.0145573238047159,0.8192758584915447,0.8143425202248732,0.8263305322128852,0.8048780487804879
0.20764752286719773,0.9673939696172389,0.7765120415982484,0.7751268339503633,0.7861111111111111,0.7560975609756098
0.23025834749116117,1.0873805691556233,0.7958485958485958,0.7887014945838474,0.8048433048433048,0.7804878048780488
0.23361400312358283,1.0749529105861013,0.7958485958485958,0.7887014945838474,0.8048433048433048,0.7804878048780488
0.1983052091894175,1.0622477967564652,0.7958485958485958,0.7887014945838474,0.8048433048433048,0.7804878048780488
0.20426619233745383,1.0167919557269027,0.7958485958485958,0.7887014945838474,0.8048433048433048,0.7804878048780488
0.22111199442346366,1.0614378772130826,0.7511599511599512,0.743452625805567,0.7606837606837606,0.7317073170731707
0.24461382314916652,1.2936192896307968,0.765993265993266,0.7630604689428219,0.7735247208931418,0.7560975609756098
0.2390102503088974,1.302859300520362,0.7306774561676522,0.7238447826683121,0.7394957983193278,0.7073170731707317
0.22032559161764964,1.299709900123317,0.7513888888888888,0.744823803647333,0.7738562091503268,0.7317073170731707
0.22104903803966292,1.190720697728599,0.7765120415982484,0.7751268339503633,0.7861111111111111,0.7560975609756098
0.206283159416395,1.2315956295990362,0.7765120415982484,0.7751268339503633,0.7861111111111111,0.7560975609756098
0.207041237159266,1.2028000761822957,0.7765120415982484,0.7751268339503633,0.7861111111111111,0.7560975609756098
0.20455568344737735,1.2146145570568923,0.7765120415982484,0.7751268339503633,0.7861111111111111,0.7560975609756098
0.20281716721196288,1.1007850431814425,0.7958485958485958,0.7887014945838474,0.8048433048433048,0.7804878048780488
0.21148793106421945,1.1526776377747698,0.8167195767195766,0.8083093377211025,0.8289473684210527,0.8048780487804879
0.20030883709484795,1.0514496535789677,0.7958485958485958,0.7887014945838474,0.8048433048433048,0.7804878048780488
0.20294579549011896,1.1251585803380826,0.7765120415982484,0.7751268339503633,0.7861111111111111,0.7560975609756098
0.19197954929441136,1.1493481601156839,0.7765120415982484,0.7751268339503633,0.7861111111111111,0.7560975609756098
0.199930969871443,1.1149777813655575,0.7765120415982484,0.7751268339503633,0.7861111111111111,0.7560975609756098
0.19553754280141916,1.0292622955833994,0.7749766573295985,0.7690936514465926,0.7829131652661064,0.7560975609756098
0.1958342845647505,1.0387962387829293,0.753968253968254,0.7494858083093376,0.7625000000000001,0.7317073170731707
0.19603698616134774,1.0599847479564388,0.7749766573295985,0.7690936514465926,0.7829131652661064,0.7560975609756098
0.19500657853161754,1.0581685682622397,0.7749766573295985,0.7690936514465926,0.7829131652661064,0.7560975609756098
0.22050502825538212,1.0417850773508956,0.7749766573295985,0.7690936514465926,0.7829131652661064,0.7560975609756098
0.19786820688474147,1.078926327751904,0.8167195767195766,0.8083093377211025,0.8289473684210527,0.8048780487804879
0.19107976288468353,1.0714205648840927,0.7958485958485958,0.7887014945838474,0.8048433048433048,0.7804878048780488
0.21313220152439732,1.047728055860938,0.7958485958485958,0.7887014945838474,0.8048433048433048,0.7804878048780488
0.2042583454999886,1.0759526229486234,0.7749766573295985,0.7690936514465926,0.7829131652661064,0.7560975609756098
0.21045654166814204,1.0828906908267881,0.7749766573295985,0.7690936514465926,0.7829131652661064,0.7560975609756098
0.19810284536557965,1.1113844005072988,0.7749766573295985,0.7690936514465926,0.7829131652661064,0.7560975609756098
0.19722841275084302,1.079517399392477,0.7749766573295985,0.7690936514465926,0.7829131652661064,0.7560975609756098
0.19579369079390427,1.078983882578408,0.7749766573295985,0.7690936514465926,0.7829131652661064,0.7560975609756098
0.29728720181850143,1.1794332556608247,0.7715343915343915,0.7630604689428219,0.783625730994152,0.7560975609756098
0.21264843843228584,1.153399679718948,0.7958485958485958,0.7887014945838474,0.8048433048433048,0.7804878048780488
0.21658548720593818,1.1315787216512168,0.7958485958485958,0.7887014945838474,0.8048433048433048,0.7804878048780488
0.20505849706466092,1.1881748234353415,0.7958485958485958,0.7887014945838474,0.8048433048433048,0.7804878048780488
0.20580771498598335,1.1371680992405588,0.7958485958485958,0.7887014945838474,0.8048433048433048,0.7804878048780488
0.20996545526471805,1.0986207287486007,0.7958485958485958,0.7887014945838474,0.8048433048433048,0.7804878048780488
0.1995657056491419,1.1364033745556343,0.7958485958485958,0.7887014945838474,0.8048433048433048,0.7804878048780488
0.20364368044449346,1.205491065979004,0.7749766573295985,0.7690936514465926,0.7829131652661064,0.7560975609756098
0.198857221408381,1.270564739297076,0.7511599511599512,0.743452625805567,0.7606837606837606,0.7317073170731707
0.20799304592106146,1.294666976463504,0.7511599511599512,0.743452625805567,0.7606837606837606,0.7317073170731707
0.23704305727595076,1.3369350491500482,0.7495798319327731,0.7387906211435623,0.7686274509803922,0.7317073170731707
0.22051345004569886,1.2495268641448602,0.7765120415982484,0.7751268339503633,0.7861111111111111,0.7560975609756098
0.21553744823920065,1.2380221820459134,0.753968253968254,0.7494858083093376,0.7625000000000001,0.7317073170731707
0.21420077847852556,1.2904289059522676,0.7765120415982484,0.7751268339503633,0.7861111111111111,0.7560975609756098
0.19903551317299262,1.2751896148774682,0.753968253968254,0.7494858083093376,0.7625000000000001,0.7317073170731707
0.2025724985983252,1.2512261169712717,0.7749766573295985,0.7690936514465926,0.7829131652661064,0.7560975609756098
0.19783964847511856,1.1543835634138526,0.7511599511599512,0.743452625805567,0.7606837606837606,0.7317073170731707
0.1943019884183885,1.1703314403208291,0.7511599511599512,0.743452625805567,0.7606837606837606,0.7317073170731707
0.20549998630948935,1.1664301360525735,0.7263492063492064,0.7178116001645414,0.7383040935672515,0.7073170731707317
0.1976583814322162,1.1738793413813522,0.7263492063492064,0.7178116001645414,0.7383040935672515,0.7073170731707317
0.20260529758747775,1.2279117398145722,0.7263492063492064,0.7178116001645414,0.7383040935672515,0.7073170731707317
0.20066875321569416,1.2024036965719083,0.7749766573295985,0.7690936514465926,0.7829131652661064,0.7560975609756098
0.20047950587360713,1.1354573180035847,0.7749766573295985,0.7690936514465926,0.7829131652661064,0.7560975609756098
0.19863840261361215,1.1580450796499484,0.7749766573295985,0.7690936514465926,0.7829131652661064,0.7560975609756098
0.19898938609773692,1.1028793497783382,0.7958485958485958,0.7887014945838474,0.8048433048433048,0.7804878048780488
0.20004195847737757,1.1295605432696458,0.7958485958485958,0.7887014945838474,0.8048433048433048,0.7804878048780488
0.1942146367400806,1.2785969274799998,0.7715343915343915,0.7630604689428219,0.783625730994152,0.7560975609756098
0.1991154029375645,1.2119371513041055,0.7715343915343915,0.7630604689428219,0.783625730994152,0.7560975609756098
0.20338537612816904,1.1841584909253005,0.7958485958485958,0.7887014945838474,0.8048433048433048,0.7804878048780488
0.20115187807416537,1.3197210678240148,0.7958485958485958,0.7887014945838474,0.8048433048433048,0.7804878048780488
0.19275760151308255,1.2822450312172495,0.7958485958485958,0.7887014945838474,0.8048433048433048,0.7804878048780488
0.19566675686427346,1.222076200857395,0.7906493506493506,0.7887014945838474,0.7937710437710438,0.7804878048780488
0.2013520362509272,1.1184401948277543,0.7906493506493506,0.7887014945838474,0.7937710437710438,0.7804878048780488
0.2245841329833763,1.2125632937361555,0.765993265993266,0.7630604689428219,0.7735247208931418,0.7560975609756098
0.1969912660782444,1.2592222370752475,0.740163087989175,0.7374194433017962,0.7530303030303029,0.7317073170731707
0.20901882947277584,1.2056184861718156,0.7715343915343915,0.7630604689428219,0.783625730994152,0.7560975609756098
0.2266507331566949,1.2228150774792927,0.7715343915343915,0.7630604689428219,0.783625730994152,0.7560975609756098
0.2046265172769652,1.0867532259080468,0.7749766573295985,0.7690936514465926,0.7829131652661064,0.7560975609756098
0.2196800589246926,1.2152693242561527,0.7765120415982484,0.7751268339503633,0.7861111111111111,0.7560975609756098
0.23046571810516014,1.2598859158957876,0.7749766573295985,0.7690936514465926,0.7829131652661064,0.7560975609756098
0.21050746884383753,1.21612428455818,0.753968253968254,0.7494858083093376,0.7625000000000001,0.7317073170731707
0.209065516344161,1.16804113620665,0.7690936514465926,0.7690936514465926,0.7690936514465926,0.7560975609756098
0.23346622590968352,1.2663744251902511,0.7749766573295985,0.7690936514465926,0.7829131652661064,0.7560975609756098
0.22010071683763513,1.38623000645056,0.8333888333888334,0.8218839983545866,0.872053872053872,0.8292682926829268
0.2101494948672116,1.2719491720199585,0.7906493506493506,0.7887014945838474,0.7937710437710438,0.7804878048780488
0.21460998388582295,1.157149547483863,0.7474747474747474,0.7494858083093376,0.746482683982684,0.7317073170731707
0.24107745981782597,1.3434564689310586,0.765993265993266,0.7630604689428219,0.7735247208931418,0.7560975609756098
0.22196389990305837,1.2469291803313465,0.7958485958485958,0.7887014945838474,0.8048433048433048,0.7804878048780488
0.20909769384873575,1.173224521846306,0.7474747474747474,0.7494858083093376,0.746482683982684,0.7317073170731707
0.20602314382555617,1.24376149293853,0.7906493506493506,0.7887014945838474,0.7937710437710438,0.7804878048780488
0.19528002274225129,1.2013274780133876,0.7906493506493506,0.7887014945838474,0.7937710437710438,0.7804878048780488
0.2018444904944513,1.2015115516941721,0.7906493506493506,0.7887014945838474,0.7937710437710438,0.7804878048780488
0.2519425951868374,1.3235791572710363,0.765993265993266,0.7630604689428219,0.7735247208931418,0.7560975609756098
0.2269782751090923,1.3085559257646886,0.7607655502392344,0.757027286439051,0.7845117845117845,0.7560975609756098
0.230144876760669,1.1426191257267464,0.7702922077922079,0.7751268339503633,0.7696969696969697,0.7560975609756098
0.21688004549700854,1.1368071218816245,0.7702922077922079,0.7751268339503633,0.7696969696969697,0.7560975609756098
0.22648067316310702,1.166573696020173,0.7690936514465926,0.7690936514465926,0.7690936514465926,0.7560975609756098
0.22484877589588745,1.261126797373702,0.7979797979797979,0.7947346770876184,0.8055555555555555,0.7804878048780488
0.22347526902966888,1.3023191515992327,0.7919347919347919,0.7826683120800769,0.8090909090909091,0.7804878048780488
0.21159606322764093,1.189935870286895,0.7958485958485958,0.7887014945838474,0.8048433048433048,0.7804878048780488
0.22643106153583778,1.1865954224656268,0.7958485958485958,0.7887014945838474,0.8048433048433048,0.7804878048780488
0.20449488218824594,1.1634469119513906,0.7958485958485958,0.7887014945838474,0.8048433048433048,0.7804878048780488
0.2551313859648944,1.3059286780473662,0.7513888888888888,0.744823803647333,0.7738562091503268,0.7317073170731707
0.20679995374346158,1.2019942010321267,0.7765120415982484,0.7751268339503633,0.7861111111111111,0.7560975609756098
0.22674753888458565,1.1968262311888904,0.7715343915343915,0.7630604689428219,0.783625730994152,0.7560975609756098
0.22598027235442542,1.2516812260557966,0.7749766573295985,0.7690936514465926,0.7829131652661064,0.7560975609756098
0.19545081092688527,1.204973751451911,0.7765120415982484,0.7751268339503633,0.7861111111111111,0.7560975609756098
0.20066734597991198,1.3453808732149077,0.7449350649350649,0.743452625805567,0.7474747474747474,0.7317073170731707
0.20871141407452032,1.41242044146468,0.765993265993266,0.7630604689428219,0.7735247208931418,0.7560975609756098
0.20547839558847977,1.2681356697547725,0.7690936514465926,0.7690936514465926,0.7690936514465926,0.7560975609756098
0.20418621528903538,1.320659050127355,0.7449350649350649,0.743452625805567,0.7474747474747474,0.7317073170731707
0.2161935329594524,1.249832131513735,0.7765120415982484,0.7751268339503633,0.7861111111111111,0.7560975609756098
0.21721718481945804,1.3426087251523646,0.7449350649350649,0.743452625805567,0.7474747474747474,0.7317073170731707
0.20183000550421057,1.3770989121460333,0.7449350649350649,0.743452625805567,0.7474747474747474,0.7317073170731707
0.20745781960462203,1.3568732069759835,0.7449350649350649,0.743452625805567,0.7474747474747474,0.7317073170731707
0.2066835454397277,1.368522510295961,0.7449350649350649,0.743452625805567,0.7474747474747474,0.7317073170731707
0.20759026851691798,1.2572151480651483,0.7449350649350649,0.743452625805567,0.7474747474747474,0.7317073170731707
0.24191080780803056,1.4263980534018539,0.7449350649350649,0.743452625805567,0.7474747474747474,0.7317073170731707
0.29308681201809,1.371229523565711,0.7690936514465926,0.7690936514465926,0.7690936514465926,0.7560975609756098
0.21558873276754545,1.3936607227092837,0.7474747474747474,0.7494858083093376,0.746482683982684,0.7317073170731707
0.2137727107764234,1.4093789036681013,0.7690936514465926,0.7690936514465926,0.7690936514465926,0.7560975609756098
0.20571256210747368,1.3665971261699026,0.7690936514465926,0.7690936514465926,0.7690936514465926,0.7560975609756098
0.200989488640058,1.3211723071772878,0.7690936514465926,0.7690936514465926,0.7690936514465926,0.7560975609756098
0.1901843311918757,1.2870199244196823,0.7690936514465926,0.7690936514465926,0.7690936514465926,0.7560975609756098
0.2120543926718367,1.3268166983999856,0.7690936514465926,0.7690936514465926,0.7690936514465926,0.7560975609756098
0.19758385577113774,1.2954429707876065,0.7871666132535697,0.7826683120800769,0.8030303030303031,0.7804878048780488
0.19721093750251628,1.2626269067206033,0.7906493506493506,0.7887014945838474,0.7937710437710438,0.7804878048780488
0.19239720930210205,1.2494772265597087,0.7906493506493506,0.7887014945838474,0.7937710437710438,0.7804878048780488
0.20077125853944894,1.2231757815291242,0.7906493506493506,0.7887014945838474,0.7937710437710438,0.7804878048780488
0.19188017958386908,1.2918730276386912,0.765993265993266,0.7630604689428219,0.7735247208931418,0.7560975609756098
0.19477972230999324,1.2128490180504032,0.7906493506493506,0.7887014945838474,0.7937710437710438,0.7804878048780488
0.19721173784034549,1.2071682185661503,0.7906493506493506,0.7887014945838474,0.7937710437710438,0.7804878048780488
0.20311769221892143,1.1941837944635532,0.7906493506493506,0.7887014945838474,0.7937710437710438,0.7804878048780488
0.20381250666911496,1.1792804380742514,0.7979797979797979,0.7947346770876184,0.8055555555555555,0.7804878048780488
0.21777777493707737,1.2067776336902525,0.7979797979797979,0.7947346770876184,0.8055555555555555,0.7804878048780488
0.20792147473955533,1.2270577041114248,0.7958485958485958,0.7887014945838474,0.8048433048433048,0.7804878048780488
0.19914339140725953,1.1618669440106648,0.7958485958485958,0.7887014945838474,0.8048433048433048,0.7804878048780488
0.24614445546686178,0.9879119686964082,0.8122895622895623,0.8083093377211025,0.821371610845295,0.8048780487804879
0.25296398883287385,1.2348489354296428,0.8122895622895623,0.8083093377211025,0.821371610845295,0.8048780487804879
0.2708531430969138,1.0945299500372352,0.7765120415982484,0.7751268339503633,0.7861111111111111,0.7560975609756098
0.2864394769426386,1.1788388606978626,0.7690936514465926,0.7690936514465926,0.7690936514465926,0.7560975609756098
0.19971220535385892,1.2328929319614317,0.8341701385179646,0.8279171808583573,0.853030303030303,0.8292682926829268
0.20454256830240616,1.1053960526861795,0.8167195767195766,0.8083093377211025,0.8289473684210527,0.8048780487804879
0.19757673899227837,1.1093879734597556,0.8167195767195766,0.8083093377211025,0.8289473684210527,0.8048780487804879
0.226556645060022,1.1328887357944395,0.7690936514465926,0.7690936514465926,0.7690936514465926,0.7560975609756098
0.2162118820684881,1.194946620522476,0.753968253968254,0.7494858083093376,0.7625000000000001,0.7317073170731707
0.20952499966508165,1.1480185636659948,0.7979797979797979,0.7947346770876184,0.8055555555555555,0.7804878048780488
0.2312551244582224,1.2271181025156161,0.7765120415982484,0.7751268339503633,0.7861111111111111,0.7560975609756098
0.21717397440077446,1.2671324945077664,0.8122895622895623,0.8083093377211025,0.821371610845295,0.8048780487804879
0.22635982977840705,1.1538230791324522,0.7749766573295985,0.7690936514465926,0.7829131652661064,0.7560975609756098
0.20657991902966613,1.1323971108692448,0.7979797979797979,0.7947346770876184,0.8055555555555555,0.7804878048780488
0.20028776323575143,1.1514245940417778,0.7979797979797979,0.7947346770876184,0.8055555555555555,0.7804878048780488
0.1983190577939192,1.1939339928510713,0.7979797979797979,0.7947346770876184,0.8055555555555555,0.7804878048780488
0.19921929617277237,1.1453331941511573,0.7979797979797979,0.7947346770876184,0.8055555555555555,0.7804878048780488
0.19656933234675264,1.105096921688173,0.8192758584915447,0.8143425202248732,0.8263305322128852,0.8048780487804879
0.2025181224918617,1.1304397786535867,0.8167195767195766,0.8083093377211025,0.8289473684210527,0.8048780487804879
0.19652715875794202,1.03475114775867,0.8122895622895623,0.8083093377211025,0.821371610845295,0.8048780487804879
0.21099866246485144,1.2162972049015324,0.8122895622895623,0.8083093377211025,0.821371610845295,0.8048780487804879
0.19864227156840403,1.1995202797215159,0.8167195767195766,0.8083093377211025,0.8289473684210527,0.8048780487804879
0.20010972180278447,1.0895163780305444,0.7749766573295985,0.7690936514465926,0.7829131652661064,0.7560975609756098
0.20977144536997208,1.1628477311715848,0.8167195767195766,0.8083093377211025,0.8289473684210527,0.8048780487804879
0.19473593361616764,1.199523611766536,0.8167195767195766,0.8083093377211025,0.8289473684210527,0.8048780487804879
0.1927847765327129,1.136326426413001,0.7958485958485958,0.7887014945838474,0.8048433048433048,0.7804878048780488
0.1988119763324632,1.207835787680091,0.7958485958485958,0.7887014945838474,0.8048433048433048,0.7804878048780488
0.2090959125112418,1.23330181110196,0.7958485958485958,0.7887014945838474,0.8048433048433048,0.7804878048780488
0.20173170914907884,1.1817316950821295,0.7749766573295985,0.7690936514465926,0.7829131652661064,0.7560975609756098
0.19697091736312278,1.2460096173170137,0.753968253968254,0.7494858083093376,0.7625000000000001,0.7317073170731707
0.1931699230126781,1.293123178365754,0.7765120415982484,0.7751268339503633,0.7861111111111111,0.7560975609756098
0.19651960941292052,1.1804271383983334,0.753968253968254,0.7494858083093376,0.7625000000000001,0.7317073170731707
0.1946107898900251,1.2280200894285993,0.7958485958485958,0.7887014945838474,0.8048433048433048,0.7804878048780488
0.19693182231882947,1.2342967056646579,0.7958485958485958,0.7887014945838474,0.8048433048433048,0.7804878048780488
0.20989172840810388,1.2341290072696964,0.7958485958485958,0.7887014945838474,0.8048433048433048,0.7804878048780488
0.19433447844434854,1.1729878768688295,0.7906493506493506,0.7887014945838474,0.7937710437710438,0.7804878048780488
0.19533856645580333,1.2033966198200132,0.7958485958485958,0.7887014945838474,0.8048433048433048,0.7804878048780488
0.20978995225832142,1.2766929661355368,0.7765120415982484,0.7751268339503633,0.7861111111111111,0.7560975609756098
0.20697765323606204,1.3250885096991933,0.753968253968254,0.7494858083093376,0.7625000000000001,0.7317073170731707
0.21011355719811683,1.403746122267188,0.7511599511599512,0.743452625805567,0.7606837606837606,0.7317073170731707
0.19521361789948707,1.4062794912152174,0.7511599511599512,0.743452625805567,0.7606837606837606,0.7317073170731707
0.19489395632199688,1.442604387678751,0.7511599511599512,0.743452625805567,0.7606837606837606,0.7317073170731707
0.19648824785504304,1.4700018051193982,0.7511599511599512,0.743452625805567,0.7606837606837606,0.7317073170731707
0.19094561586908426,1.3961835256436976,0.7749766573295985,0.7690936514465926,0.7829131652661064,0.7560975609756098
0.19773220496945143,1.374748648666754,0.7749766573295985,0.7690936514465926,0.7829131652661064,0.7560975609756098
0.19690783882125387,1.3744450167911808,0.7749766573295985,0.7690936514465926,0.7829131652661064,0.7560975609756098
0.18986520587926176,1.35117204887111,0.7749766573295985,0.7690936514465926,0.7829131652661064,0.7560975609756098
0.1933856312981696,1.3174409226673405,0.7749766573295985,0.7690936514465926,0.7829131652661064,0.7560975609756098
0.20014788992801252,1.3520962581401919,0.7511599511599512,0.743452625805567,0.7606837606837606,0.7317073170731707
0.1965802769940887,1.3306255282425299,0.7749766573295985,0.7690936514465926,0.7829131652661064,0.7560975609756098
0.1961489139139495,1.2809845063744523,0.7749766573295985,0.7690936514465926,0.7829131652661064,0.7560975609756098
0.19685915808407173,1.3859573166544845,0.7958485958485958,0.7887014945838474,0.8048433048433048,0.7804878048780488
0.20149342658730485,1.3499263030726736,0.7749766573295985,0.7690936514465926,0.7829131652661064,0.7560975609756098
0.1930940838869769,1.3295136166781913,0.7749766573295985,0.7690936514465926,0.7829131652661064,0.7560975609756098
0.19481275008504811,1.3926678895950317,0.7715343915343915,0.7630604689428219,0.783625730994152,0.7560975609756098
0.19447164225704122,1.3889736780306188,0.7749766573295985,0.7690936514465926,0.7829131652661064,0.7560975609756098
0.19151304461710686,1.3809506602403594,0.7749766573295985,0.7690936514465926,0.7829131652661064,0.7560975609756098
0.19355859180868143,1.37697952549632,0.7749766573295985,0.7690936514465926,0.7829131652661064,0.7560975609756098
0.1944160317918556,1.343444321213699,0.7749766573295985,0.7690936514465926,0.7829131652661064,0.7560975609756098
0.19144480771785677,1.3631472558510014,0.7749766573295985,0.7690936514465926,0.7829131652661064,0.7560975609756098
0.19333969654225422,1.3749775624856717,0.7749766573295985,0.7690936514465926,0.7829131652661064,0.7560975609756098
0.19365753819256784,1.3286560134189884,0.7749766573295985,0.7690936514465926,0.7829131652661064,0.7560975609756098
0.2066144702616971,1.516156414660012,0.7958485958485958,0.7887014945838474,0.8048433048433048,0.7804878048780488
0.23026072998631913,1.2383789725419951,0.7749766573295985,0.7690936514465926,0.7829131652661064,0.7560975609756098
0.22401024491617108,1.2569198288568637,0.7749766573295985,0.7690936514465926,0.7829131652661064,0.7560975609756098
0.19938540899030135,1.3075387390648447,0.7715343915343915,0.7630604689428219,0.783625730994152,0.7560975609756098
0.2114930653792258,1.328300513872286,0.7749766573295985,0.7690936514465926,0.7829131652661064,0.7560975609756098
0.193490294832982,1.4166356615903901,0.7749766573295985,0.7690936514465926,0.7829131652661064,0.7560975609756098
0.1943717263933851,1.4162369937431523,0.7749766573295985,0.7690936514465926,0.7829131652661064,0.7560975609756098
0.19944053259248154,1.4064845631762248,0.7749766573295985,0.7690936514465926,0.7829131652661064,0.7560975609756098
0.19164662055258386,1.3492179353062699,0.753968253968254,0.7494858083093376,0.7625000000000001,0.7317073170731707
0.19384220118651604,1.344405677260422,0.753968253968254,0.7494858083093376,0.7625000000000001,0.7317073170731707
0.19791010961840838,1.3672260685664852,0.753968253968254,0.7494858083093376,0.7625000000000001,0.7317073170731707
0.2329145199312069,1.3408185679738114,0.7749766573295985,0.7690936514465926,0.7829131652661064,0.7560975609756098
0.22472926864208836,1.62228259226171,0.746138996138996,0.7374194433017962,0.7621212121212121,0.7317073170731707
0.26413370484097964,1.4558861459173806,0.7765120415982484,0.7751268339503633,0.7861111111111111,0.7560975609756098
0.2224765397942475,1.31625500539454,0.7765120415982484,0.7751268339503633,0.7861111111111111,0.7560975609756098
0.24838172469415892,1.4484916169468949,0.7958485958485958,0.7887014945838474,0.8048433048433048,0.7804878048780488
0.21646676882904878,1.3410587659696254,0.7765120415982484,0.7751268339503633,0.7861111111111111,0.7560975609756098
0.2120550562256559,1.2200865396639196,0.753968253968254,0.7494858083093376,0.7625000000000001,0.7317073170731707
0.2207652964779129,1.2186170176761906,0.7958485958485958,0.7887014945838474,0.8048433048433048,0.7804878048780488
0.21478245920430386,1.254725851663729,0.753968253968254,0.7494858083093376,0.7625000000000001,0.7317073170731707
0.20325957171835182,1.2816422683436697,0.7513888888888888,0.744823803647333,0.7738562091503268,0.7317073170731707
0.21235459256612532,1.3411764313534993,0.7958485958485958,0.7887014945838474,0.8048433048433048,0.7804878048780488
0.21698531773835814,1.2952548498060645,0.7749766573295985,0.7690936514465926,0.7829131652661064,0.7560975609756098
0.22341759978624007,1.3646254772093238,0.7749766573295985,0.7690936514465926,0.7829131652661064,0.7560975609756098
0.20569739543825466,1.383467511432927,0.7958485958485958,0.7887014945838474,0.8048433048433048,0.7804878048780488
0.19657556792244432,1.3632098639883645,0.7749766573295985,0.7690936514465926,0.7829131652661064,0.7560975609756098
0.19447447683927566,1.3287170224073457,0.7749766573295985,0.7690936514465926,0.7829131652661064,0.7560975609756098
0.2058890163112127,1.4633694945312128,0.7958485958485958,0.7887014945838474,0.8048433048433048,0.7804878048780488
0.2105450747745962,1.3389267776070573,0.7979797979797979,0.7947346770876184,0.8055555555555555,0.7804878048780488
0.2241664668422261,1.8529883303293369,0.7280294231513743,0.7253530782942548,0.7797619047619048,0.7317073170731707
0.21173231166082196,1.3214401908037139,0.7715343915343915,0.7630604689428219,0.783625730994152,0.7560975609756098
0.22045371809232203,1.2716473050233794,0.7511599511599512,0.743452625805567,0.7606837606837606,0.7317073170731707
0.20850814234140996,1.3491737348277395,0.7919347919347919,0.7826683120800769,0.8090909090909091,0.7804878048780488
0.1978835067208021,1.3246667995685484,0.7715343915343915,0.7630604689428219,0.783625730994152,0.7560975609756098
0.1983745956012001,1.2763588893704298,0.7906493506493506,0.7887014945838474,0.7937710437710438,0.7804878048780488
0.1998235501525899,1.2430445362881917,0.7958485958485958,0.7887014945838474,0.8048433048433048,0.7804878048780488
0.19924852149782207,1.325797900920961,0.8167195767195766,0.8083093377211025,0.8289473684210527,0.8048780487804879
0.1931322221312485,1.305067414190711,0.7958485958485958,0.7887014945838474,0.8048433048433048,0.7804878048780488
0.20881146931711161,1.259018575272909,0.7906493506493506,0.7887014945838474,0.7937710437710438,0.7804878048780488
0.21271164192373332,1.3039692058795835,0.7958485958485958,0.7887014945838474,0.8048433048433048,0.7804878048780488
0.20186122547156893,1.2729580344223395,0.7749766573295985,0.7690936514465926,0.7829131652661064,0.7560975609756098
0.19422631071865715,1.2843687272653348,0.7958485958485958,0.7887014945838474,0.8048433048433048,0.7804878048780488
0.20102975181350607,1.2945400941662673,0.7958485958485958,0.7887014945838474,0.8048433048433048,0.7804878048780488
0.1967518008400079,1.2373943735913533,0.7958485958485958,0.7887014945838474,0.8048433048433048,0.7804878048780488
0.2011998443616097,1.2962969279870755,0.7958485958485958,0.7887014945838474,0.8048433048433048,0.7804878048780488
0.19136234630380897,1.2528009240220233,0.7958485958485958,0.7887014945838474,0.8048433048433048,0.7804878048780488
0.20531211657778883,1.1588062425939047,0.7958485958485958,0.7887014945838474,0.8048433048433048,0.7804878048780488
0.2204529897046907,1.1432688614217246,0.7958485958485958,0.7887014945838474,0.8048433048433048,0.7804878048780488
0.20466261685366366,1.1725868975243918,0.7958485958485958,0.7887014945838474,0.8048433048433048,0.7804878048780488
0.1889804421793817,1.2046081554598924,0.7723092998955069,0.7644316467845881,0.7916666666666666,0.7560975609756098
0.21295411719653096,1.12008184339942,0.8405372405372405,0.833950363362128,0.849002849002849,0.8292682926829268
0.1959684238348913,1.1275900893095063,0.8192758584915447,0.8143425202248732,0.8263305322128852,0.8048780487804879
0.21449333138390392,1.3853914766776851,0.7698412698412698,0.7583984642808171,0.7883597883597884,0.7560975609756098
0.23467793392317277,1.3325061187511538,0.8135802469135802,0.8036473330590977,0.8306878306878307,0.8048780487804879
0.19815440279355465,1.358579612359768,0.7698412698412698,0.7583984642808171,0.7883597883597884,0.7560975609756098
0.1932353698955677,1.4512291507023136,0.7698412698412698,0.7583984642808171,0.7883597883597884,0.7560975609756098
0.20522848314219855,1.222404709676417,0.7698412698412698,0.7583984642808171,0.7883597883597884,0.7560975609756098
0.19579684431603211,1.2112182524146102,0.7698412698412698,0.7583984642808171,0.7883597883597884,0.7560975609756098
0.19512689634567829,1.2561543482105906,0.7698412698412698,0.7583984642808171,0.7883597883597884,0.7560975609756098
0.20432333895902205,1.2244422639288552,0.7958485958485958,0.7887014945838474,0.8048433048433048,0.7804878048780488
0.19615329051080668,1.3036231267742995,0.7958485958485958,0.7887014945838474,0.8048433048433048,0.7804878048780488
0.20253264404695706,1.2423730361752394,0.7958485958485958,0.7887014945838474,0.8048433048433048,0.7804878048780488
0.19366881817500636,1.177962608453704,0.8167195767195766,0.8083093377211025,0.8289473684210527,0.8048780487804879
0.2099365647046736,1.2447612343764887,0.7958485958485958,0.7887014945838474,0.8048433048433048,0.7804878048780488
0.19378397100676334,1.2782676307166494,0.7958485958485958,0.7887014945838474,0.8048433048433048,0.7804878048780488
0.20181957115284058,1.2736166192264091,0.7958485958485958,0.7887014945838474,0.8048433048433048,0.7804878048780488
0.19766850250534773,1.245290689352082,0.8377305877305877,0.8279171808583573,0.8560606060606061,0.8292682926829268
0.22193530477131262,1.439459041851323,0.812502270168174,0.8022761552173318,0.8380952380952381,0.8048780487804879
0.1954757166647974,1.4633191155224312,0.812502270168174,0.8022761552173318,0.8380952380952381,0.8048780487804879
0.2130382010678817,1.3375611450613998,0.812502270168174,0.8022761552173318,0.8380952380952381,0.8048780487804879
0.20750266756852573,1.3165516882407955,0.7919347919347919,0.7826683120800769,0.8090909090909091,0.7804878048780488
0.20571151289273062,1.230019831075901,0.7979797979797979,0.7947346770876184,0.8055555555555555,0.7804878048780488
0.20025409539881356,1.3087832055440762,0.7979797979797979,0.7947346770876184,0.8055555555555555,0.7804878048780488
0.20446597385689577,1.247253830839948,0.7958485958485958,0.7887014945838474,0.8048433048433048,0.7804878048780488
0.19961417967694417,1.2437292337417603,0.7979797979797979,0.7947346770876184,0.8055555555555555,0.7804878048780488
0.19396550457993408,1.266359774077811,0.7958485958485958,0.7887014945838474,0.8048433048433048,0.7804878048780488
0.19627018654252104,1.323789029586606,0.7958485958485958,0.7887014945838474,0.8048433048433048,0.7804878048780488
0.19434390447070543,1.3122157439952944,0.7958485958485958,0.7887014945838474,0.8048433048433048,0.7804878048780488
0.193007885151614,1.3282335095289277,0.7958485958485958,0.7887014945838474,0.8048433048433048,0.7804878048780488
0.21304039165652836,1.3219507758210345,0.7958485958485958,0.7887014945838474,0.8048433048433048,0.7804878048780488
0.19241863477355886,1.315531751004661,0.7958485958485958,0.7887014945838474,0.8048433048433048,0.7804878048780488
0.201886851704215,1.3637329834263499,0.7958485958485958,0.7887014945838474,0.8048433048433048,0.7804878048780488
0.20534901230505084,1.3526085411630027,0.7715343915343915,0.7630604689428219,0.783625730994152,0.7560975609756098
0.1957730185387946,1.365643809481365,0.7715343915343915,0.7630604689428219,0.783625730994152,0.7560975609756098
0.24776471581182252,1.4480745966841535,0.7513888888888888,0.744823803647333,0.7738562091503268,0.7317073170731707
0.23545370335471977,1.4290560251329003,0.7958485958485958,0.7887014945838474,0.8048433048433048,0.7804878048780488
0.2632811897898727,1.4078714120678786,0.753968253968254,0.7494858083093376,0.7625000000000001,0.7317073170731707
0.2206972508757599,1.325076609123044,0.7749766573295985,0.7690936514465926,0.7829131652661064,0.7560975609756098
0.2194465885140336,1.235439536048145,0.7958485958485958,0.7887014945838474,0.8048433048433048,0.7804878048780488
0.20002581505473496,1.2291349637799147,0.7906493506493506,0.7887014945838474,0.7937710437710438,0.7804878048780488
0.22224885909412656,1.3454305398754958,0.7906493506493506,0.7887014945838474,0.7937710437710438,0.7804878048780488
0.21192093987735405,1.3531244673380038,0.7495798319327731,0.7387906211435623,0.7686274509803922,0.7317073170731707
0.20561741005462203,1.1945967877783426,0.7900284900284901,0.7780063074180722,0.8097165991902834,0.7804878048780488
0.19428411389561,1.184180919716998,0.7900284900284901,0.7780063074180722,0.8097165991902834,0.7804878048780488
0.19640336187659593,1.2929393401960048,0.7698412698412698,0.7583984642808171,0.7883597883597884,0.7560975609756098
0.21271061700692592,1.2509147888276635,0.7723092998955069,0.7644316467845881,0.7916666666666666,0.7560975609756098
0.19757161039790253,1.2481137892095053,0.7929971988795518,0.7840394899218429,0.8104575163398692,0.7804878048780488
0.19284416758762501,1.4320118688955539,0.7458689458689459,0.7327574386397916,0.766531713900135,0.7317073170731707
0.19666784022760264,1.389517185164661,0.7458689458689459,0.7327574386397916,0.766531713900135,0.7317073170731707
0.2070235883654894,1.2892826097767527,0.7723092998955069,0.7644316467845881,0.7916666666666666,0.7560975609756098
0.2100309625779104,1.3490714125516938,0.7513888888888888,0.744823803647333,0.7738562091503268,0.7317073170731707
0.19425152592105413,1.2575134155226917,0.7765120415982484,0.7751268339503633,0.7861111111111111,0.7560975609756098
0.20216566910058023,1.3451036098526745,0.7749766573295985,0.7690936514465926,0.7829131652661064,0.7560975609756098
0.2077073758384483,1.2773009422348767,0.7749766573295985,0.7690936514465926,0.7829131652661064,0.7560975609756098
0.19499248604346706,1.2288752736114874,0.7765120415982484,0.7751268339503633,0.7861111111111111,0.7560975609756098
0.1958167791209309,1.2070726854045217,0.7749766573295985,0.7690936514465926,0.7829131652661064,0.7560975609756098
0.21632211861792844,1.2207326889038086,0.7749766573295985,0.7690936514465926,0.7829131652661064,0.7560975609756098
0.19794485861519082,1.2491342236356038,0.7449350649350649,0.743452625805567,0.7474747474747474,0.7317073170731707
0.20137117004960697,1.3156775526884126,0.7715343915343915,0.7630604689428219,0.783625730994152,0.7560975609756098
0.2100846910539592,1.2196653528911312,0.7749766573295985,0.7690936514465926,0.7829131652661064,0.7560975609756098
0.19085285842104135,1.163209682557641,0.7749766573295985,0.7690936514465926,0.7829131652661064,0.7560975609756098
0.19728208229063685,1.17867534625821,0.7749766573295985,0.7690936514465926,0.7829131652661064,0.7560975609756098
0.1943441853713549,1.2487088122018954,0.7749766573295985,0.7690936514465926,0.7829131652661064,0.7560975609756098
0.1914183476197688,1.2948526231254018,0.7958485958485958,0.7887014945838474,0.8048433048433048,0.7804878048780488
0.1972481404335329,1.3023777124358387,0.7958485958485958,0.7887014945838474,0.8048433048433048,0.7804878048780488
0.19276246495328667,1.2710763216018677,0.7958485958485958,0.7887014945838474,0.8048433048433048,0.7804878048780488
0.19699908423392312,1.297967099561924,0.8167195767195766,0.8083093377211025,0.8289473684210527,0.8048780487804879
0.20211697544774782,1.3122924769796975,0.7958485958485958,0.7887014945838474,0.8048433048433048,0.7804878048780488
0.19746652304497117,1.1818474676550887,0.7958485958485958,0.7887014945838474,0.8048433048433048,0.7804878048780488
